{"header":{"display_available":true,"item_view_name":{"en":"Header","ja":"ヘッダー","zh_CN":"页头"},"label_name":{"en":"Page title","ja":"【Sample-rinne-grid】別アプリのファイルを取得する","zh_CN":"画面标题"},"left_toolbar_icon_list":[{"icon_id":"imfr-return-icon","image_class":"im-ui-icon-common-16-back","icon_label":{"en":"","ja":"","zh_CN":""},"icon_title":{"en":"Back","ja":"戻る","zh_CN":"返回"}}],"right_toolbar_icon_list":[]},"item_list":[{"item_id":"qmrjsahtufyr","item_view_names":{"en":"Select from list","ja":"一覧選択","zh_CN":"一览选择"},"item_type":"product_80_itemSelect","item_view_type":{"REGISTRATION":"1","EDIT":"1","REFERENCE":"2","POSTSCRIPT":"2"},"item_exist_dbinput":true,"style":{"top":80,"left":60,"width":640,"height":35,"zindex":null},"input_list":[{"input_id":"itemSelect1","input_data_type":"0","input_view_names":{"en":"Selection Item","ja":"一覧選択","zh_CN":"标签"},"input_dbinput":true,"input_properties":{"tab_index":0,"max_length":500,"min_length":0,"required":false,"input_field_size":150,"labels":[],"initial_value":{"en":"","ja":"","zh_CN":""},"input_background_color":"","border_color":"","no_frames":false,"bottom_only":false,"border_shadow":true,"input_font_color":"","input_font_size":12,"input_font_family":{},"input_font_bold":false,"input_font_italic":false,"input_font_underline":false,"label_wrap":true,"initial_value_number":0,"initial_date":true,"input_enable":false,"input_clear_button":false,"only_ascii":false,"permit_minus":false,"permit_decimal":false,"decimal_size":0,"use_comma":false,"decimal_format":null,"decimal_format_account":false,"decimal_format_tenant":false,"display":true,"custom_input_chk":false,"custom_chk_format":"","custom_err_msg":"","select_page_title":{"en":"Selection from list","ja":"一覧選択画面","zh_CN":"一览选择画面"},"max_row_number":100,"mapping_id":"8fuegzzw2fuemfu","mapping_dir":"forma/datamapper/rngd_sample_dl_file_02/8fuegqna0fu0ofu/8fuegzzw2fuemfu/","multi_select":false,"select_list_setting":[{"col_disp":true,"col_name":{"en":"Column","ja":"アプリID","zh_CN":"列"},"col_id":"appId","col_data_type":"0"},{"col_disp":true,"col_name":{"en":"Column","ja":"インサートID","zh_CN":"列"},"col_id":"insertId","col_data_type":"0"},{"col_disp":true,"col_name":{"en":"Column","ja":"メモ","zh_CN":"列"},"col_id":"memo","col_data_type":"0"}]},"date_format":"yyyy/MM/dd"}],"item_properties":{"labels":[{"en":"Label","ja":"アプリ01のデータを選択","zh_CN":"标签"},{}],"label_size":[150],"label_styles":[{"label_background_color":"","label_font_color":"","label_font_size":12,"label_font_family":{"en":"","ja":"","zh_CN":""},"label_font_bold":true,"label_font_italic":false,"label_font_underline":false,"label_wrap":false}],"input_view_names":{},"row_number":3,"ui_theme":"iap"}},{"item_id":"zyjpnkokyxdv","item_view_names":{"en":"Hidden field","ja":"アプリID_画面hidden","zh_CN":"隐藏参数"},"item_type":"product_72_hidden","item_view_type":{"REGISTRATION":"1","EDIT":"1","REFERENCE":"1","POSTSCRIPT":"1"},"item_exist_dbinput":true,"style":{"top":99,"left":1160,"width":240,"height":30,"zindex":null},"input_list":[{"input_id":"param_appId","input_data_type":"0","input_view_names":{"en":"Hidden field","ja":"アプリID_画面hidden","zh_CN":"隐藏参数"},"input_dbinput":true,"input_properties":{"tab_index":0,"max_length":0,"min_length":0,"required":false,"input_field_size":150,"labels":[],"initial_value":{},"input_background_color":"","border_color":"","no_frames":false,"bottom_only":false,"border_shadow":true,"input_font_color":"","input_font_size":13,"input_font_family":{},"input_font_bold":false,"input_font_italic":false,"input_font_underline":false,"label_wrap":true},"date_format":""}],"item_properties":{"labels":[],"label_size":[],"label_styles":[{"label_background_color":"","label_font_color":"","label_font_size":13,"label_font_family":{},"label_font_bold":false,"label_font_italic":false,"label_font_underline":false,"label_wrap":false}]}},{"item_id":"yarxitesmdpf","item_view_names":{"en":"Label","ja":"アプリIDラベル","zh_CN":"标签"},"item_type":"product_72_label","item_view_type":{"REGISTRATION":"3","EDIT":"3","REFERENCE":"3","POSTSCRIPT":"2"},"item_exist_dbinput":false,"style":{"top":73,"left":1150,"width":300,"height":10,"zindex":null},"input_list":[],"item_properties":{"labels":[{"en":"Fill in the contents of the label","ja":"<p><span style=\"background-color: #ffff99;\">画面Param:アプリケーションID</span></p>","zh_CN":"请输入标签内容"}],"label_size":[],"label_styles":[{"label_background_color":"","label_font_color":"","label_font_size":13,"label_font_family":{},"label_font_bold":false,"label_font_italic":false,"label_font_underline":false,"label_wrap":false}],"labels_text":[{"en":"Fill in the contents of the label","ja":"画面Param:アプリケーションID","zh_CN":"请输入标签内容"}]}},{"item_id":"jhnloopisrgp","item_view_names":{"en":"Hidden field","ja":"インサートID_画面hidden","zh_CN":"隐藏参数"},"item_type":"product_72_hidden","item_view_type":{"REGISTRATION":"1","EDIT":"1","REFERENCE":"1","POSTSCRIPT":"1"},"item_exist_dbinput":true,"style":{"top":99,"left":1360,"width":240,"height":30,"zindex":null},"input_list":[{"input_id":"param_insertId","input_data_type":"0","input_view_names":{"en":"Hidden field","ja":"インサートID_画面hidden","zh_CN":"隐藏参数"},"input_dbinput":true,"input_properties":{"tab_index":0,"max_length":0,"min_length":0,"required":false,"input_field_size":150,"labels":[],"initial_value":{},"input_background_color":"","border_color":"","no_frames":false,"bottom_only":false,"border_shadow":true,"input_font_color":"","input_font_size":13,"input_font_family":{},"input_font_bold":false,"input_font_italic":false,"input_font_underline":false,"label_wrap":true},"date_format":""}],"item_properties":{"labels":[],"label_size":[],"label_styles":[{"label_background_color":"","label_font_color":"","label_font_size":13,"label_font_family":{},"label_font_bold":false,"label_font_italic":false,"label_font_underline":false,"label_wrap":false}]}},{"item_id":"imicvimqmszw","item_view_names":{"en":"Label","ja":"インサートIDラベル","zh_CN":"标签"},"item_type":"product_72_label","item_view_type":{"REGISTRATION":"3","EDIT":"3","REFERENCE":"3","POSTSCRIPT":"2"},"item_exist_dbinput":false,"style":{"top":73,"left":1350,"width":300,"height":10,"zindex":null},"input_list":[],"item_properties":{"labels":[{"en":"Fill in the contents of the label","ja":"<p><span style=\"background-color: #ffff99;\">画面Param:インサートID</span></p>","zh_CN":"请输入标签内容"}],"label_size":[],"label_styles":[{"label_background_color":"","label_font_color":"","label_font_size":13,"label_font_family":{},"label_font_bold":false,"label_font_italic":false,"label_font_underline":false,"label_wrap":false}],"labels_text":[{"en":"Fill in the contents of the label","ja":"画面Param:インサートID","zh_CN":"请输入标签内容"}]}},{"item_id":"cdlaaovugnvg","table_id":"gt1","item_view_names":{"en":"Grid table","ja":"グリッドテーブル","zh_CN":"网格表"},"item_type":"product_80_gridtable","item_view_type":{"REGISTRATION":"1","EDIT":"1","REFERENCE":"2","POSTSCRIPT":"2"},"item_exist_dbinput":true,"style":{"top":150,"left":60,"width":1210,"height":400,"zindex":null},"input_list":[{"input_id":"gt1_custom1","input_data_type":"0","input_view_names":{"en":"Column","ja":"ファイル名（リンク付き）","zh_CN":"列"},"input_dbinput":false,"input_properties":{"tab_index":0,"max_length":500,"min_length":0,"required":false,"input_field_size":80,"labels":[],"initial_value":{"en":"","ja":"","zh_CN":""},"input_background_color":"","border_color":"","no_frames":false,"bottom_only":false,"border_shadow":true,"input_font_color":"","input_font_size":13,"input_font_family":{},"input_font_bold":false,"input_font_italic":false,"input_font_underline":false,"label_wrap":true,"only_ascii":false,"row_width":300,"header_style":"center","field_style":"left","search":true,"filter_condition":"cn","display":true,"column_resizable":false,"header_style_setting":false,"header_font_family":{},"header_font_size":13,"header_font_color":"","header_font_bold":true,"header_font_italic":false,"header_font_underline":false,"header_background_color":"","input_style_setting":false,"input_background_color_stripe":"","sorted":true,"custom_input_chk":false,"custom_chk_format":"","custom_err_msg":{"ja":""},"select_page_title":{"en":"Selection from list","ja":"一覧選択画面","zh_CN":"一览选择画面"},"property_setting":[{"display_names":{"en":"The item name is undefined","ja":"項目名未定義","zh_CN":"项目名未定义"},"send_value":"1"}],"custom_format":"","custom_unformat":""},"input_item_type":"custom","use_column_view_type":false,"column_view_type":{},"date_format":"yyyy/MM/dd","label":{},"index":0},{"input_id":"gt1_fileName","input_data_type":"0","input_view_names":{"en":"Column","ja":"ファイル名","zh_CN":"列"},"input_dbinput":true,"input_properties":{"tab_index":0,"max_length":500,"min_length":0,"required":false,"input_field_size":80,"labels":[],"initial_value":{"en":"","ja":"","zh_CN":""},"input_background_color":"","border_color":"","no_frames":false,"bottom_only":false,"border_shadow":true,"input_font_color":"","input_font_size":13,"input_font_family":{},"input_font_bold":false,"input_font_italic":false,"input_font_underline":false,"label_wrap":true,"only_ascii":false,"row_width":300,"header_style":"center","field_style":"left","search":true,"filter_condition":"cn","display":true,"column_resizable":false,"header_style_setting":false,"header_font_family":{},"header_font_size":13,"header_font_color":"","header_font_bold":true,"header_font_italic":false,"header_font_underline":false,"header_background_color":"","input_style_setting":false,"input_background_color_stripe":"","sorted":true,"custom_input_chk":false,"custom_chk_format":"","custom_err_msg":{"ja":""},"select_page_title":{"en":"Selection from list","ja":"一覧選択画面","zh_CN":"一览选择画面"},"property_setting":[{"display_names":{"en":"The item name is undefined","ja":"項目名未定義","zh_CN":"项目名未定义"},"send_value":"1"}]},"input_item_type":"textbox","use_column_view_type":false,"column_view_type":{},"date_format":"yyyy/MM/dd","label":{},"index":1},{"input_id":"gt1_url","input_data_type":"0","input_view_names":{"en":"Column","ja":"URL","zh_CN":"列"},"input_dbinput":true,"input_properties":{"tab_index":0,"max_length":500,"min_length":0,"required":false,"input_field_size":80,"labels":[],"initial_value":{"en":"","ja":"","zh_CN":""},"input_background_color":"","border_color":"","no_frames":false,"bottom_only":false,"border_shadow":true,"input_font_color":"","input_font_size":13,"input_font_family":{},"input_font_bold":false,"input_font_italic":false,"input_font_underline":false,"label_wrap":true,"only_ascii":false,"row_width":500,"header_style":"center","field_style":"left","search":true,"filter_condition":"cn","display":true,"column_resizable":true,"header_style_setting":false,"header_font_family":{},"header_font_size":13,"header_font_color":"","header_font_bold":true,"header_font_italic":false,"header_font_underline":false,"header_background_color":"","input_style_setting":false,"input_background_color_stripe":"","sorted":true,"custom_input_chk":false,"custom_chk_format":"","custom_err_msg":{"ja":""},"select_page_title":{"en":"Selection from list","ja":"一覧選択画面","zh_CN":"一览选择画面"},"property_setting":[{"display_names":{"en":"The item name is undefined","ja":"項目名未定義","zh_CN":"项目名未定义"},"send_value":"1"}]},"input_item_type":"textbox","use_column_view_type":false,"column_view_type":{},"date_format":"yyyy/MM/dd","label":{},"index":2},{"input_id":"gt1_fileId","input_data_type":"0","input_view_names":{"en":"Column","ja":"ファイルID","zh_CN":"列"},"input_dbinput":true,"input_properties":{"tab_index":0,"max_length":500,"min_length":0,"required":false,"input_field_size":80,"labels":[],"initial_value":{"en":"","ja":"","zh_CN":""},"input_background_color":"","border_color":"","no_frames":false,"bottom_only":false,"border_shadow":true,"input_font_color":"","input_font_size":13,"input_font_family":{},"input_font_bold":false,"input_font_italic":false,"input_font_underline":false,"label_wrap":true,"only_ascii":false,"row_width":0,"header_style":"center","field_style":"left","search":true,"filter_condition":"cn","display":false,"column_resizable":false,"header_style_setting":false,"header_font_family":{},"header_font_size":13,"header_font_color":"","header_font_bold":true,"header_font_italic":false,"header_font_underline":false,"header_background_color":"","input_style_setting":false,"input_background_color_stripe":"","sorted":true,"custom_input_chk":false,"custom_chk_format":"","custom_err_msg":{"ja":""},"select_page_title":{"en":"Selection from list","ja":"一覧選択画面","zh_CN":"一览选择画面"},"property_setting":[{"display_names":{"en":"The item name is undefined","ja":"項目名未定義","zh_CN":"项目名未定义"},"send_value":"1"}]},"input_item_type":"textbox","use_column_view_type":false,"column_view_type":{},"date_format":"yyyy/MM/dd","label":{},"index":1},{"input_id":"gt1_insertId","input_data_type":"0","input_view_names":{"en":"Column","ja":"インサートID","zh_CN":"列"},"input_dbinput":true,"input_properties":{"tab_index":0,"max_length":500,"min_length":0,"required":false,"input_field_size":80,"labels":[],"initial_value":{"en":"","ja":"","zh_CN":""},"input_background_color":"","border_color":"","no_frames":false,"bottom_only":false,"border_shadow":true,"input_font_color":"","input_font_size":13,"input_font_family":{},"input_font_bold":false,"input_font_italic":false,"input_font_underline":false,"label_wrap":true,"only_ascii":false,"row_width":0,"header_style":"center","field_style":"left","search":true,"filter_condition":"cn","display":false,"column_resizable":false,"header_style_setting":false,"header_font_family":{},"header_font_size":13,"header_font_color":"","header_font_bold":true,"header_font_italic":false,"header_font_underline":false,"header_background_color":"","input_style_setting":false,"input_background_color_stripe":"","sorted":true,"custom_input_chk":false,"custom_chk_format":"","custom_err_msg":{"ja":""},"select_page_title":{"en":"Selection from list","ja":"一覧選択画面","zh_CN":"一览选择画面"},"property_setting":[{"display_names":{"en":"The item name is undefined","ja":"項目名未定義","zh_CN":"项目名未定义"},"send_value":"1"}]},"input_item_type":"textbox","use_column_view_type":false,"column_view_type":{},"date_format":"yyyy/MM/dd","label":{},"index":2}],"item_properties":{"labels":[{"en":"Grid table","ja":"ファイル一覧","zh_CN":"网格表"}],"label_size":[],"label_styles":[{"label_background_color":"","label_font_color":"","label_font_size":13,"label_font_family":{"en":"","ja":"","zh_CN":""},"label_font_bold":true,"label_font_italic":false,"label_font_underline":false,"label_wrap":false}],"dynamic":false,"add_row":true,"del_row":true,"del_row_dialog":false,"disp_no":"disp","col_hide":"hide","disp_pager":"hide","displayed_pager":"15,30,45,60","footer":[{}],"input_method":"","row_number":5,"basic_row_width":100,"basic_header_style":"center","basic_field_style":"left","init_column_number":1,"basic_column_resizable":false,"multi_select":true,"table_width":1200,"table_height":300,"column_number":3,"tab_index":[0],"search_type":"filterToolbar","filter_condition":"cn","sort_setting":"noSetting","sort_order":"asc","init_sort_column":"","frozen_setting":"hide","frozen_range":"","basic_header_styles":{"basic_header_font_family":{},"basic_header_font_size":13,"basic_header_font_color":"","basic_header_font_bold":true,"basic_header_font_italic":false,"basic_header_font_underline":false,"basic_header_background_color":""},"basic_input_styles":{"basic_input_stripe":false,"basic_input_font_family":{},"basic_input_font_size":13,"basic_input_font_color":"","basic_input_font_bold":false,"basic_input_font_italic":false,"basic_input_font_underline":false,"basic_input_background_color":"","basic_input_background_color_stripe":""},"row_order":null}},{"item_id":"mscktrwxfnvf","item_view_names":{"en":"Register Button","ja":"ボタン(登録)","zh_CN":"按钮(登记)"},"item_type":"product_80_registButton","item_view_type":{"REGISTRATION":"2","EDIT":"2","REFERENCE":"3","POSTSCRIPT":"2"},"item_exist_dbinput":false,"style":{"top":1550,"left":70,"width":170,"height":50,"zindex":null},"input_list":[],"item_properties":{"labels":[{"en":"Register","ja":"登録","zh_CN":"登记"},{"en":"Update","ja":"更新","zh_CN":"更新"},{"en":"Update","ja":"更新","zh_CN":"更新"}],"label_size":[],"label_styles":[{"label_background_color":"","label_font_color":"","label_font_size":13,"label_font_family":{},"label_font_bold":false,"label_font_italic":false,"label_font_underline":false,"label_wrap":false}],"label_level":[1],"tab_index":[0]}},{"item_id":"uoqoeaedghmv","item_view_names":{"en":"Checkbox","ja":"チェックボックス","zh_CN":"复选框"},"item_type":"product_80_checkbox","item_view_type":{"REGISTRATION":"1","EDIT":"1","REFERENCE":"2","POSTSCRIPT":"2"},"item_exist_dbinput":false,"style":{"top":130,"left":1160,"width":300,"height":19,"zindex":null},"input_list":[{"input_id":"emitGetFile","input_data_type":"0","input_view_names":{"en":"Checkbox","ja":"チェックボックス","zh_CN":"复选框"},"input_dbinput":false,"input_properties":{"tab_index":0,"max_length":10,"min_length":0,"required":false,"input_field_size":150,"labels":[],"initial_value":"","input_background_color":"","border_color":"","no_frames":false,"bottom_only":false,"border_shadow":true,"input_font_color":"","input_font_size":13,"input_font_family":{"en":"","ja":"","zh_CN":""},"input_font_bold":false,"input_font_italic":false,"input_font_underline":false,"label_wrap":true,"initial_date":true,"input_enable":false,"row_width":100},"property_setting":[{"display_names":{"en":"The item name is undefined","ja":"dummy","zh_CN":"项目名未定义"},"send_value":"1"}]}],"item_properties":{"labels":[{"en":"Checkbox","ja":"","zh_CN":"复选框"}],"label_size":[0],"label_styles":[{"label_background_color":"","label_font_color":"","label_font_size":13,"label_font_family":{"en":"","ja":"","zh_CN":""},"label_font_bold":false,"label_font_italic":false,"label_font_underline":false,"label_wrap":false}],"column_width":100,"input_orientation":"horizontal","input_view_names":{},"row_number":1,"column_number":"","ui_theme":"default"}},{"item_id":"uslfwebburlt","item_view_names":{"en":"Button (event)","ja":"ユーザ選択","zh_CN":"按钮(事件)"},"item_type":"product_80_eventButton","item_view_type":{"REGISTRATION":"2","EDIT":"2","REFERENCE":"2","POSTSCRIPT":"2"},"item_exist_dbinput":false,"style":{"top":620,"left":100,"width":170,"height":50,"zindex":null},"input_list":[],"item_properties":{"labels":[{"en":"Event","ja":"ユーザ選択","zh_CN":"事件"}],"label_size":[],"label_styles":[{"label_background_color":"","label_font_color":"","label_font_size":13,"label_font_family":{},"label_font_bold":false,"label_font_italic":false,"label_font_underline":false,"label_wrap":false}],"label_level":[2],"tab_index":[0],"script":"(function($){\n    RNGD_APP_CONST.FIELD_ID_USER_SELECT = \"searchUser\";\n    if(isPc()) {\n        userSelectItemId = $(\"[name=\"+RNGD_APP_CONST.FIELD_ID_USER_SELECT+\"]\").parent()[0].id;\n        forma.master.openSelectItemPage(userSelectItemId);\n    } else {\n        userSelectItemId = $(\"[name=\"+RNGD_APP_CONST.FIELD_ID_USER_SELECT+\"]\").parent().parent()[0].id;\n\n        forma.master.openSelectItemPageSp(userSelectItemId);\n    }    \n})(jQuery);\n"}},{"item_id":"fbdaykkfzpri","item_view_names":{"en":"Button (event)","ja":"リセット","zh_CN":"按钮(事件)"},"item_type":"product_80_eventButton","item_view_type":{"REGISTRATION":"2","EDIT":"2","REFERENCE":"2","POSTSCRIPT":"2"},"item_exist_dbinput":false,"style":{"top":620,"left":220,"width":170,"height":50,"zindex":null},"input_list":[],"item_properties":{"labels":[{"en":"Event","ja":"リセット","zh_CN":"事件"}],"label_size":[],"label_styles":[{"label_background_color":"","label_font_color":"","label_font_size":13,"label_font_family":{},"label_font_bold":false,"label_font_italic":false,"label_font_underline":false,"label_wrap":false}],"label_level":[2],"tab_index":[0],"script":"(function($){\n    // ユーザ選択テーブルリセット\n    window.rngdClearTableData(RNGD_APP_CONST.FIELD_ID_TABLE, [RNGD_APP_CONST.FIELD_ID_COLUMN01, RNGD_APP_CONST.FIELD_ID_COLUMN02]);\n})(jQuery);\n"}},{"item_id":"ruvuwljhrnlf","table_id":"tb1","item_view_names":{"en":"Detail table","ja":"明細テーブル","zh_CN":"明细表"},"item_type":"product_80_table","item_view_type":{"REGISTRATION":"1","EDIT":"1","REFERENCE":"2","POSTSCRIPT":"2"},"item_exist_dbinput":true,"style":{"top":660,"left":120,"width":500,"height":100,"zindex":null},"input_list":[{"input_id":"column01","input_data_type":"0","input_view_names":{"en":"Column","ja":"ユーザID","zh_CN":"列"},"input_dbinput":true,"input_properties":{"tab_index":0,"max_length":500,"min_length":0,"required":false,"input_field_size":80,"labels":[],"initial_value":{"en":"","ja":"","zh_CN":""},"input_background_color":"","border_color":"","no_frames":false,"bottom_only":false,"border_shadow":true,"input_font_color":"","input_font_size":13,"input_font_family":{},"input_font_bold":false,"input_font_italic":false,"input_font_underline":false,"label_wrap":true,"only_ascii":false,"row_width":100,"row_style":"left","display":true,"border_style":"0","custom_input_chk":false,"custom_chk_format":"","custom_err_msg":{"ja":""},"select_page_title":{"en":"Selection from list","ja":"一覧選択画面","zh_CN":"一览选择画面"},"max_row_number":100,"select_list_setting":[],"property_setting":[]},"input_item_type":"textbox","use_column_view_type":false,"column_view_type":{},"date_format":"yyyy/MM/dd","label":{},"index":0},{"input_id":"column02","input_data_type":"0","input_view_names":{"en":"Column","ja":"ユーザ名","zh_CN":"列"},"input_dbinput":true,"input_properties":{"tab_index":0,"max_length":500,"min_length":0,"required":false,"input_field_size":80,"labels":[],"initial_value":{"en":"","ja":"","zh_CN":""},"input_background_color":"","border_color":"","no_frames":false,"bottom_only":false,"border_shadow":true,"input_font_color":"","input_font_size":13,"input_font_family":{},"input_font_bold":false,"input_font_italic":false,"input_font_underline":false,"label_wrap":true,"only_ascii":false,"row_width":100,"row_style":"left","display":true,"border_style":"0","custom_input_chk":false,"custom_chk_format":"","custom_err_msg":{"ja":""},"select_page_title":{"en":"Selection from list","ja":"一覧選択画面","zh_CN":"一览选择画面"},"max_row_number":100,"select_list_setting":[],"property_setting":[]},"input_item_type":"textbox","use_column_view_type":false,"column_view_type":{},"date_format":"yyyy/MM/dd","label":{},"index":1}],"item_properties":{"labels":[{"en":"Detail table","ja":"明細テーブル","zh_CN":"明细表"}],"label_size":[100],"label_styles":[{"label_background_color":"","label_font_color":"","label_font_size":13,"label_font_family":{"en":"","ja":"","zh_CN":""},"label_font_bold":false,"label_font_italic":false,"label_font_underline":false,"label_wrap":false}],"dynamic":true,"disp_reference_no":true,"footer":[{}],"input_method":"","row_number":2,"column_number":""}},{"item_id":"dspmipioumnv","item_view_names":{"en":"Select user","ja":"ユーザ選択","zh_CN":"用户选择"},"item_type":"product_72_userSelect","item_view_type":{"REGISTRATION":"1","EDIT":"1","REFERENCE":"2","POSTSCRIPT":"2"},"item_exist_dbinput":false,"style":{"top":636,"left":466,"width":350,"height":35,"zindex":null},"input_list":[{"input_id":"searchUser","input_data_type":"0","input_view_names":{"en":"User code","ja":"ユーザコード","zh_CN":"用户代码"},"input_dbinput":false,"input_properties":{"tab_index":0,"max_length":0,"min_length":0,"required":false,"input_field_size":150,"labels":[],"initial_value":{},"input_background_color":"","border_color":"","no_frames":false,"bottom_only":false,"border_shadow":true,"input_font_color":"","input_font_size":13,"input_font_family":{},"input_font_bold":false,"input_font_italic":false,"input_font_underline":false,"label_wrap":true,"initial_user":false,"border_style":"0"}}],"item_properties":{"labels":[{"en":"User name","ja":"ユーザ名","zh_CN":"用户名"}],"label_size":[100],"label_styles":[{"label_background_color":"","label_font_color":"","label_font_size":13,"label_font_family":{"en":"","ja":"","zh_CN":""},"label_font_bold":false,"label_font_italic":false,"label_font_underline":false,"label_wrap":false}],"searchPageIds":["jp.co.intra_mart.master.app.search.tabs.user.list_user"],"ui_theme":"default"}},{"item_id":"ewnyetjzmxsa","item_view_names":{"en":"Headline","ja":"見出し","zh_CN":"标题"},"item_type":"product_80_header","item_view_type":{"REGISTRATION":"2","EDIT":"2","REFERENCE":"2","POSTSCRIPT":"2"},"item_exist_dbinput":false,"style":{"top":20,"left":30,"width":1400,"height":30,"zindex":null},"input_list":[],"item_properties":{"labels":[{"en":"Headline","ja":"01. 別アプリで添付したファイルを取得","zh_CN":"标题"}],"label_size":[],"label_styles":[{"label_background_color":"","label_font_color":"","label_font_size":13,"label_font_family":{},"label_font_bold":false,"label_font_italic":false,"label_font_underline":false,"label_wrap":false}],"label_level":[1]}},{"item_id":"uteczngwhpqo","item_view_names":{"en":"Headline","ja":"見出し","zh_CN":"标题"},"item_type":"product_80_header","item_view_type":{"REGISTRATION":"2","EDIT":"2","REFERENCE":"2","POSTSCRIPT":"2"},"item_exist_dbinput":false,"style":{"top":550,"left":30,"width":1400,"height":30,"zindex":null},"input_list":[],"item_properties":{"labels":[{"en":"Headline","ja":"02. 複数ユーザが選択できるように拡張","zh_CN":"标题"}],"label_size":[],"label_styles":[{"label_background_color":"","label_font_color":"","label_font_size":13,"label_font_family":{},"label_font_bold":false,"label_font_italic":false,"label_font_underline":false,"label_wrap":false}],"label_level":[1]}},{"item_id":"wzbndsezabro","item_view_names":{"en":"Headline","ja":"見出し","zh_CN":"标题"},"item_type":"product_80_header","item_view_type":{"REGISTRATION":"2","EDIT":"2","REFERENCE":"2","POSTSCRIPT":"2"},"item_exist_dbinput":false,"style":{"top":810,"left":30,"width":1400,"height":30,"zindex":null},"input_list":[],"item_properties":{"labels":[{"en":"Headline","ja":"03. 所属セレクトボックスへの初期値設定（コンテキスト組織）","zh_CN":"标题"}],"label_size":[],"label_styles":[{"label_background_color":"","label_font_color":"","label_font_size":13,"label_font_family":{},"label_font_bold":false,"label_font_italic":false,"label_font_underline":false,"label_wrap":false}],"label_level":[1]}},{"item_id":"tkqpfdqxuvbj","item_view_names":{"en":"Select affiliation","ja":"所属組織選択","zh_CN":"所属部门选择"},"item_type":"product_72_affiliationSelect","item_view_type":{"REGISTRATION":"1","EDIT":"2","REFERENCE":"2","POSTSCRIPT":"2"},"item_exist_dbinput":true,"style":{"top":880,"left":60,"width":640,"height":45,"zindex":null},"input_list":[{"input_id":"applyAttribute_c","input_data_type":"0","input_view_names":{"en":"Company code","ja":"会社コード","zh_CN":"公司代码"},"input_dbinput":true,"input_properties":{"tab_index":0,"max_length":0,"min_length":0,"required":false,"input_field_size":150,"labels":[],"initial_value":{},"input_background_color":"","border_color":"","no_frames":false,"bottom_only":false,"border_shadow":true,"input_font_color":"","input_font_size":13,"input_font_family":{},"input_font_bold":false,"input_font_italic":false,"input_font_underline":false,"label_wrap":true,"top_is_blank":false},"input_list_display":false},{"input_id":"applyAttribute_s","input_data_type":"0","input_view_names":{"en":"Department set code","ja":"組織セットコード","zh_CN":"组织集代码"},"input_dbinput":true,"input_list_display":false,"input_properties":{"tab_index":0,"input_field_size":150,"required":false,"input_font_family":{},"top_is_blank":false}},{"input_id":"applyAttribute","input_data_type":"0","input_view_names":{"en":"Department code","ja":"組織コード","zh_CN":"组织代码"},"input_dbinput":true,"input_list_display":true,"input_properties":{"tab_index":0,"input_field_size":150,"required":false,"top_is_blank":true,"input_background_color":"","border_style":"0","border_shadow":true,"no_frames":false,"bottom_only":false,"border_color":"","input_font_color":"","input_font_family":{},"input_font_bold":false,"input_font_italic":false,"input_font_underline":false}}],"item_properties":{"labels":[{"en":"Select affiliation","ja":"所属組織選択","zh_CN":"所属部门选择"}],"label_size":[150],"label_styles":[{"label_background_color":"","label_font_color":"","label_font_size":12,"label_font_family":{"en":"","ja":"","zh_CN":""},"label_font_bold":true,"label_font_italic":false,"label_font_underline":false,"label_wrap":false}],"ui_theme":"iap"}},{"item_id":"aegfxahwazgp","item_view_names":{"en":"Hidden parameter","ja":"コンテキスト会社コード","zh_CN":"隐藏参数"},"item_type":"product_72_hidden","item_view_type":{"REGISTRATION":"1","EDIT":"1","REFERENCE":"1","POSTSCRIPT":"1"},"item_exist_dbinput":true,"style":{"top":870,"left":500,"width":180,"height":30,"zindex":null},"input_list":[{"input_id":"contextCompanyCd","input_data_type":"0","input_view_names":{"en":"Hidden parameter","ja":"コンテキスト会社コード","zh_CN":"隐藏参数"},"input_dbinput":true,"input_properties":{"tab_index":0,"max_length":0,"min_length":0,"required":false,"input_field_size":150,"labels":[],"initial_value":{},"input_background_color":"","border_color":"","no_frames":false,"bottom_only":false,"border_shadow":true,"input_font_color":"","input_font_size":13,"input_font_family":{},"input_font_bold":false,"input_font_italic":false,"input_font_underline":false,"label_wrap":true},"date_format":""}],"item_properties":{"labels":[],"label_size":[],"label_styles":[{"label_background_color":"","label_font_color":"","label_font_size":13,"label_font_family":{},"label_font_bold":false,"label_font_italic":false,"label_font_underline":false,"label_wrap":false}]}},{"item_id":"uqrcigpfzupf","item_view_names":{"en":"Label","ja":"アプリIDラベル：コンテキスト会社コード","zh_CN":"标签"},"item_type":"product_72_label","item_view_type":{"REGISTRATION":"3","EDIT":"3","REFERENCE":"3","POSTSCRIPT":"2"},"item_exist_dbinput":false,"style":{"top":840,"left":500,"width":300,"height":10,"zindex":null},"input_list":[],"item_properties":{"labels":[{"en":"Fill in the contents of the label","ja":"<p><span style=\"background-color: #ffff99;\">画面Param:コンテキスト会社コード</span></p>","zh_CN":"请输入标签内容"}],"label_size":[],"label_styles":[{"label_background_color":"","label_font_color":"","label_font_size":13,"label_font_family":{},"label_font_bold":false,"label_font_italic":false,"label_font_underline":false,"label_wrap":false}],"labels_text":[{"en":"Fill in the contents of the label","ja":"画面Param:コンテキスト会社コード","zh_CN":"请输入标签内容"}]}},{"item_id":"ecwqjwyswikl","item_view_names":{"en":"Label","ja":"アプリIDラベル：コンテキスト組織セットコード","zh_CN":"标签"},"item_type":"product_72_label","item_view_type":{"REGISTRATION":"3","EDIT":"3","REFERENCE":"3","POSTSCRIPT":"2"},"item_exist_dbinput":false,"style":{"top":840,"left":740,"width":300,"height":10,"zindex":null},"input_list":[],"item_properties":{"labels":[{"en":"Fill in the contents of the label","ja":"<p><span style=\"background-color: #ffff99;\">画面Param:コンテキスト組織セットコード</span></p>","zh_CN":"请输入标签内容"}],"label_size":[],"label_styles":[{"label_background_color":"","label_font_color":"","label_font_size":13,"label_font_family":{},"label_font_bold":false,"label_font_italic":false,"label_font_underline":false,"label_wrap":false}],"labels_text":[{"en":"Fill in the contents of the label","ja":"画面Param:コンテキスト組織セットコード","zh_CN":"请输入标签内容"}]}},{"item_id":"ydecflvcgbby","item_view_names":{"en":"Hidden parameter","ja":"コンテキスト組織セットコード","zh_CN":"隐藏参数"},"item_type":"product_72_hidden","item_view_type":{"REGISTRATION":"1","EDIT":"1","REFERENCE":"1","POSTSCRIPT":"1"},"item_exist_dbinput":true,"style":{"top":870,"left":740,"width":180,"height":30,"zindex":null},"input_list":[{"input_id":"contextDeptSetCd","input_data_type":"0","input_view_names":{"en":"Hidden parameter","ja":"コンテキスト組織セットコード","zh_CN":"隐藏参数"},"input_dbinput":true,"input_properties":{"tab_index":0,"max_length":0,"min_length":0,"required":false,"input_field_size":150,"labels":[],"initial_value":{},"input_background_color":"","border_color":"","no_frames":false,"bottom_only":false,"border_shadow":true,"input_font_color":"","input_font_size":13,"input_font_family":{},"input_font_bold":false,"input_font_italic":false,"input_font_underline":false,"label_wrap":true},"date_format":""}],"item_properties":{"labels":[],"label_size":[],"label_styles":[{"label_background_color":"","label_font_color":"","label_font_size":13,"label_font_family":{},"label_font_bold":false,"label_font_italic":false,"label_font_underline":false,"label_wrap":false}]}},{"item_id":"ludlvrsvaxhe","item_view_names":{"en":"Label","ja":"アプリIDラベル：コンテキスト組織コード","zh_CN":"标签"},"item_type":"product_72_label","item_view_type":{"REGISTRATION":"3","EDIT":"3","REFERENCE":"3","POSTSCRIPT":"2"},"item_exist_dbinput":false,"style":{"top":840,"left":1030,"width":300,"height":10,"zindex":null},"input_list":[],"item_properties":{"labels":[{"en":"Fill in the contents of the label","ja":"<p><span style=\"background-color: #ffff99;\">画面Param:コンテキスト組織コード</span></p>","zh_CN":"请输入标签内容"}],"label_size":[],"label_styles":[{"label_background_color":"","label_font_color":"","label_font_size":13,"label_font_family":{},"label_font_bold":false,"label_font_italic":false,"label_font_underline":false,"label_wrap":false}],"labels_text":[{"en":"Fill in the contents of the label","ja":"画面Param:コンテキスト組織コード","zh_CN":"请输入标签内容"}]}},{"item_id":"tnheqokxezen","item_view_names":{"en":"Hidden parameter","ja":"コンテキスト組織コード","zh_CN":"隐藏参数"},"item_type":"product_72_hidden","item_view_type":{"REGISTRATION":"1","EDIT":"1","REFERENCE":"1","POSTSCRIPT":"1"},"item_exist_dbinput":true,"style":{"top":870,"left":1030,"width":180,"height":30,"zindex":null},"input_list":[{"input_id":"contextDeptCd","input_data_type":"0","input_view_names":{"en":"Hidden parameter","ja":"コンテキスト組織コード","zh_CN":"隐藏参数"},"input_dbinput":true,"input_properties":{"tab_index":0,"max_length":0,"min_length":0,"required":false,"input_field_size":150,"labels":[],"initial_value":{},"input_background_color":"","border_color":"","no_frames":false,"bottom_only":false,"border_shadow":true,"input_font_color":"","input_font_size":13,"input_font_family":{},"input_font_bold":false,"input_font_italic":false,"input_font_underline":false,"label_wrap":true},"date_format":""}],"item_properties":{"labels":[],"label_size":[],"label_styles":[{"label_background_color":"","label_font_color":"","label_font_size":13,"label_font_family":{},"label_font_bold":false,"label_font_italic":false,"label_font_underline":false,"label_wrap":false}]}},{"item_id":"arvyiskdygpp","item_view_names":{"en":"Radio button","ja":"ラジオボタン","zh_CN":"单选按钮"},"item_type":"product_80_radio","item_view_type":{"REGISTRATION":"1","EDIT":"1","REFERENCE":"2","POSTSCRIPT":"2"},"item_exist_dbinput":true,"style":{"top":1030,"left":60,"width":640,"height":74,"zindex":null},"input_list":[{"input_id":"my_radio_button","input_data_type":"0","input_view_names":{"en":"Radio","ja":"ラジオボタン","zh_CN":"单选按钮"},"input_dbinput":true,"input_properties":{"tab_index":0,"max_length":10,"min_length":0,"required":false,"input_field_size":150,"labels":[],"initial_value":"","input_background_color":"","border_color":"","no_frames":false,"bottom_only":false,"border_shadow":true,"input_font_color":"","input_font_size":12,"input_font_family":{"en":"","ja":"","zh_CN":""},"input_font_bold":false,"input_font_italic":false,"input_font_underline":false,"label_wrap":true,"initial_date":true,"input_enable":false,"row_width":100},"property_setting":[{"display_names":{"en":"The item name is undefined","ja":"アイテム01","zh_CN":"项目名未定义"},"send_value":"1"},{"display_names":{"en":"The item name is undefined","ja":"アイテム02","zh_CN":"项目名未定义"},"send_value":"2"},{"display_names":{"en":"The item name is undefined","ja":"アイテム03","zh_CN":"项目名未定义"},"send_value":"3"}]}],"item_properties":{"labels":[{"en":"Radio button","ja":"ラジオボタン","zh_CN":"单选按钮"}],"label_size":[150],"label_styles":[{"label_background_color":"","label_font_color":"","label_font_size":12,"label_font_family":{"en":"","ja":"","zh_CN":""},"label_font_bold":true,"label_font_italic":false,"label_font_underline":false,"label_wrap":false}],"column_width":220,"input_orientation":"vertical","input_view_names":{},"row_number":3,"column_number":"","ui_theme":"iap"}},{"item_id":"fvfywvtuinqp","item_view_names":{"en":"File upload","ja":"ファイルアップロード","zh_CN":"文件上传"},"item_type":"product_72_fileupload","item_view_type":{"REGISTRATION":"1","EDIT":"1","REFERENCE":"2","POSTSCRIPT":"2"},"item_exist_dbinput":false,"style":{"top":1140,"left":60,"width":590,"height":150,"zindex":null},"input_list":[],"item_properties":{"labels":[{"en":"The attached file","ja":"添付ファイル","zh_CN":"文件附加"}],"label_size":[100],"label_styles":[{"label_background_color":"","label_font_color":"","label_font_size":13,"label_font_family":{},"label_font_bold":false,"label_font_italic":false,"label_font_underline":false,"label_wrap":false}],"upload_item_id":"attach_fileupload_item1","min_file_amount":0,"max_file_amount":5,"image_thumbnail_preview":false,"image_thumbnail_width":120,"image_thumbnail_height":120,"one_file_size":0,"allowed_extensions":"","other_window_display":false,"file_list_order_col":"create_timeN","file_list_order_type":"asc"}},{"item_id":"qirkyhyzxcqk","item_view_names":{"en":"Headline","ja":"見出し","zh_CN":"标题"},"item_type":"product_80_header","item_view_type":{"REGISTRATION":"2","EDIT":"2","REFERENCE":"2","POSTSCRIPT":"2"},"item_exist_dbinput":false,"style":{"top":970,"left":30,"width":1400,"height":30,"zindex":null},"input_list":[],"item_properties":{"labels":[{"en":"Headline","ja":"04. 添付ファイル名の重複チェックとラジオボタンのチェック、画面案件名の反映","zh_CN":"标题"}],"label_size":[],"label_styles":[{"label_background_color":"","label_font_color":"","label_font_size":13,"label_font_family":{},"label_font_bold":false,"label_font_italic":false,"label_font_underline":false,"label_wrap":false}],"label_level":[1]}},{"item_id":"dlqubxmllrka","item_view_names":{"en":"Button (event)","ja":"バリデーション後の登録","zh_CN":"按钮(事件)"},"item_type":"product_80_eventButton","item_view_type":{"REGISTRATION":"2","EDIT":"2","REFERENCE":"2","POSTSCRIPT":"2"},"item_exist_dbinput":false,"style":{"top":1340,"left":70,"width":230,"height":50,"zindex":null},"input_list":[],"item_properties":{"labels":[{"en":"Event","ja":"バリデーション後の登録","zh_CN":"事件"}],"label_size":[],"label_styles":[{"label_background_color":"","label_font_color":"","label_font_size":13,"label_font_family":{},"label_font_bold":false,"label_font_italic":false,"label_font_underline":false,"label_wrap":false}],"label_level":[1],"tab_index":[0],"script":"(function($){\n    var RNGD_APP_CONST = {};\n    RNGD_APP_CONST.ITEM_NAME_MY_RADIO_BUTTON              = \"item_my_radio_button\";\n    RNGD_APP_CONST.IMFR_ITEM_INPUT_ERROR                  = \"imfr_item_input_error\";\n    RNGD_APP_CONST.FIELD_ID_MY_RADIO_BUTTON               = \"my_radio_button\";\n    RNGD_APP_CONST.CHECK_ITEMS_UPLOAD_FILE_NAME_DUPLICATION = [\"product_72_fileupload\"];\n    RNGD_APP_CONST.ERROR_MSG_001 = \"ラジオボタンのアイテムが選択されていません。ラジオボタンを選択してください。\";\n    RNGD_APP_CONST.ERROR_MSG_002 = \"添付ファイル名が重複しています。削除して別の名称で添付してください。\";\n\n    // 汎用申請2020 PC版かどうかを判断する\n    function isPc() {\n        return forma.funcs.getDisplayClientType() === \"pc\";\n    }\n\n    function validate() {    \n        var validateResultNum = 0;\n        var errorMsg = \"\";\n        \n        var condLen = $(\"[name=\"+RNGD_APP_CONST.ITEM_NAME_MY_RADIO_BUTTON+\"]\").length;\n        var condItemCd = $(\"[name=\"+RNGD_APP_CONST.ITEM_NAME_MY_RADIO_BUTTON+\"]:checked\").val();\n\n        // ラジオボタンが存在するあ、アイテムが選択されていない場合エラー\n        if(condLen !== 0 && condItemCd === undefined) {\n            errorMsg = RNGD_APP_CONST.ERROR_MSG_001;\n            validateResultNum += 1;\n            $(\"#\" + RNGD_APP_CONST.FIELD_ID_MY_RADIO_BUTTON).addClass(RNGD_APP_CONST.IMFR_ITEM_INPUT_ERROR);\n        }\n\n        // アップロードファイルのうち、名称が重複するものがあった場合エラー\n        var targetItems = RNGD_APP_CONST.CHECK_ITEMS_UPLOAD_FILE_NAME_DUPLICATION\n        var uploadFileList = [];\n        targetItems.forEach(function (itemName) {\n            $(\"[item_type=\" + itemName + \"] tr\").each(function (i, column) {\n                $(this).find(\"td\").each(function (j, row) {\n                    if (j === 0) {\n                        var fileName = $.trim(row.innerText);\n                        uploadFileList.push(fileName)\n                    }\n                })\n            });\n        });\n        \n        var duplicateFileList = uploadFileList.filter(function(fileName, index, self) {\n            return self.indexOf(fileName) === index && index !== self.lastIndexOf(fileName)\n        });\n        if(duplicateFileList.length > 0) {\n            errorMsg = RNGD_APP_CONST.ERROR_MSG_002;\n            errorMsg = errorMsg + \"対象ファイル名: \" + duplicateFileList.join(\",\");\n            validateResultNum += 1;\n        }\n\n        return {\n            \"errorMsg\": errorMsg,\n            \"validateResultNum\": validateResultNum\n        };        \n    }\n\n    function doRegist() {\n        // 必要に応じて半角スペーストリムなどを実施\n\n        var selfMatterName = $(\"[name=matterName]\").val();\n        selfMatterName = selfMatterName.replace(/\\v/g, \" \");\n        selfMatterName = $.trim(selfMatterName);\n        $(\"[name=matterName]\").val(selfMatterName);\n        $(\"[name=imwMatterName]\").val(selfMatterName);\n        sendRegistData();\n    }\n\n    function errorUIRefresh() {\n        $(\"#\" + RNGD_APP_CONST.FIELD_ID_MY_RADIO_BUTTON).removeClass(RNGD_APP_CONST.IMFR_ITEM_INPUT_ERROR);\n    }\n\n    // はじめに、intra-martの単項目チェックを起動する\n    var imCheckResult = inputCheck();\n    // エラーの場合、継続して処理を行わない\n    if(!imCheckResult) {\n        return;\n    }\n    // 単項目チェックが終わったら、相関チェックを行う\n    var resultObj = validate();\n    // エラーが存在する場合は、申請ボタンをクリックさせない\n    if(resultObj.validateResultNum !== 0) {\n        // PC版の場合\n        if(isPc()) {\n            imuiAlert(resultObj.errorMsg);\n        } else {\n            imspAlert(resultObj.errorMsg);\n        }\n    } else {\n        errorUIRefresh();\n        doRegist();\n\n    }\n})(jQuery);\n"}},{"item_id":"ocirlhymglzu","item_view_names":{"en":"Label","ja":"バリデーション後の登録ボタン説明","zh_CN":"标签"},"item_type":"product_72_label","item_view_type":{"REGISTRATION":"2","EDIT":"2","REFERENCE":"2","POSTSCRIPT":"2"},"item_exist_dbinput":false,"style":{"top":1340,"left":280,"width":410,"height":60,"zindex":null},"input_list":[],"item_properties":{"labels":[{"en":"Fill in the contents of the label","ja":"<p>各項目の必須・入力値チェック(単項目チェック)が動いた後に、</p>\n<p>独自の相関チェックを入れたい場合、イベントボタンにスクリプトを書くといい感じになります</p>","zh_CN":"请输入标签内容"}],"label_size":[],"label_styles":[{"label_background_color":"","label_font_color":"","label_font_size":13,"label_font_family":{},"label_font_bold":false,"label_font_italic":false,"label_font_underline":false,"label_wrap":false}],"labels_text":[{"en":"Fill in the contents of the label","ja":"各項目の必須・入力値チェック(単項目チェック)が動いた後に、\n独自の相関チェックを入れたい場合、イベントボタンにスクリプトを書くといい感じになります","zh_CN":"请输入标签内容"}]}},{"item_id":"qruwlkarcsey","item_view_names":{"en":"Label","ja":"バリデーション後の登録ボタン説明","zh_CN":"标签"},"item_type":"product_72_label","item_view_type":{"REGISTRATION":"2","EDIT":"2","REFERENCE":"2","POSTSCRIPT":"2"},"item_exist_dbinput":false,"style":{"top":80,"left":430,"width":720,"height":70,"zindex":null},"input_list":[],"item_properties":{"labels":[{"en":"Fill in the contents of the label","ja":"<p>通常、一覧表示のデフォルト件数はforma-config.xmlで指定し、変更が必要な場合はデプロイ＆再起動が必要です。</p>\n<p>このアプリでは「rewrite_forma_itemselect.js - 一覧選択アイテムのページング数書き換え」というカスタムスクリプトで一覧件数を書き換える対応をしています。</p>","zh_CN":"请输入标签内容"}],"label_size":[],"label_styles":[{"label_background_color":"","label_font_color":"","label_font_size":13,"label_font_family":{},"label_font_bold":false,"label_font_italic":false,"label_font_underline":false,"label_wrap":false}],"labels_text":[{"en":"Fill in the contents of the label","ja":"通常、一覧表示のデフォルト件数はforma-config.xmlで指定し、変更が必要な場合はデプロイ＆再起動が必要です。\nこのアプリでは「rewrite_forma_itemselect.js - 一覧選択アイテムのページング数書き換え」というカスタムスクリプトで一覧件数を書き換える対応をしています。","zh_CN":"请输入标签内容"}]}},{"item_id":"emvqacezvlta","item_view_names":{"en":"String","ja":"案件名","zh_CN":"字符串"},"item_type":"product_72_textbox","item_view_type":{"REGISTRATION":"1","EDIT":"1","REFERENCE":"2","POSTSCRIPT":"2"},"item_exist_dbinput":true,"style":{"top":1250,"left":60,"width":640,"height":35,"zindex":null},"input_list":[{"input_id":"matterName","input_data_type":"0","input_view_names":{"en":"String","ja":"案件名","zh_CN":"字符串"},"input_dbinput":true,"input_properties":{"tab_index":0,"max_length":500,"min_length":0,"required":false,"input_field_size":300,"labels":[],"initial_value":{"en":"","ja":"","zh_CN":""},"input_background_color":"","border_color":"","no_frames":false,"bottom_only":false,"border_shadow":true,"input_font_color":"","input_font_size":12,"input_font_family":{"en":"","ja":"","zh_CN":""},"input_font_bold":false,"input_font_italic":false,"input_font_underline":false,"label_wrap":true,"only_ascii":false,"border_style":"0","custom_input_chk":false,"custom_chk_format":"","custom_err_msg":""}}],"item_properties":{"labels":[{"en":"Text","ja":"案件名","zh_CN":"文本"}],"label_size":[150],"label_styles":[{"label_background_color":"","label_font_color":"","label_font_size":12,"label_font_family":{"en":"","ja":"","zh_CN":""},"label_font_bold":true,"label_font_italic":false,"label_font_underline":false,"label_wrap":false}],"ui_theme":"iap"}},{"item_id":"uxgihgyjkeoq","item_view_names":{"en":"Script","ja":"スクリプト","zh_CN":"脚本"},"item_type":"product_72_script","item_view_type":{"REGISTRATION":"2","EDIT":"2","REFERENCE":"2","POSTSCRIPT":"2"},"item_exist_dbinput":false,"style":{"top":260,"left":1370,"width":50,"height":50,"zindex":null},"input_list":[],"item_properties":{"labels":[],"label_size":[],"label_styles":[{"label_background_color":"","label_font_color":"","label_font_size":13,"label_font_family":{},"label_font_bold":false,"label_font_italic":false,"label_font_underline":false,"label_wrap":false}],"script":"(function($){\n console.log(\"スクリプトアイテム\")\n})(jQuery);\n"}}],"footer":{"display_available":true},"event":{"event_setting_list":[{"item_id":"qmrjsahtufyr","event_type":"iconClick","note":"別アプリのトランザクションデータを取得します。\n（ファイル取得元のアプリのトランザクションデータ）","indicator_flag":false},{"item_id":"uoqoeaedghmv","event_type":"change","note":"ファイル取得イベントを起動します。","indicator_flag":false},{"item_id":"qmrjsahtufyr","event_type":"focus","note":"一覧選択にフォーカスインした場合の確認","indicator_flag":false},{"item_id":"qmrjsahtufyr","event_type":"blur","note":"一覧選択にフォーカスアウトした場合の確認","indicator_flag":false},{"item_id":"qmrjsahtufyr","event_type":"change","note":"一覧選択に入力した場合の確認","indicator_flag":false},{"item_id":"qmrjsahtufyr","event_type":"click","note":"一覧選択をクリックした場合の確認","indicator_flag":false}],"action_setting_list":{"qmrjsahtufyr":{"iconClick":[{"actionType":"externalLinkage","note":"","errHandling":"0","mappingId":"8fueif423fvrwfu","mappingDir":"forma/datamapper/rngd_sample_dl_file_02/8fuegqna0fu0ofu/8fueif423fvrwfu/","appDetails":{"applicationId":"rngd_sample_dl_file_02","formId":"8fuegqna0fu0ofu"},"datasourceName":"rngd_sql_for_sample_dl_file_01_get_app_transaction","datasourceId":"8fueiabstfvhqfu"}],"focus":[{"actionType":"customScript","note":"フォーカスイン確認用スクリプト","conditionExpression":"","errHandling":"0","customScript":"(function($){\n  console.log(\"フォーカスイン確認用です\")\n})(jQuery);"}],"blur":[{"actionType":"customScript","note":"フォーカスアウト確認用スクリプト","conditionExpression":"","errHandling":"0","customScript":"(function($){\n  console.log(\"フォーカスアウト確認用です\")\n})(jQuery);"}],"change":[{"actionType":"customScript","note":"一覧選択入力確認スクリプト","conditionExpression":"","errHandling":"0","customScript":"(function($){\n  console.log(\"一覧選択入力確認用です\")\n})(jQuery);"}],"click":[{"actionType":"customScript","note":"一覧選択クリック確認用","conditionExpression":"","errHandling":"0","customScript":"(function($){\n  console.log(\"一覧選択クリック確認用です\")\n})(jQuery);"}]},"uoqoeaedghmv":{"change":[{"actionType":"externalLinkage","note":"ファイルのダウンロードURLを取得します。","conditionExpression":"","errHandling":"0","mappingId":"8fuekrlcsg1chfu","mappingDir":"forma/datamapper/rngd_sample_dl_file_02/8fuegqna0fu0ofu/8fuekrlcsg1chfu/","appDetails":{"applicationId":"rngd_sample_dl_file_02","formId":"8fuegqna0fu0ofu"},"datasourceName":"rngd_ld_for_sample_dl_file_get_download_url","datasourceId":"8fuekqdo6g10ifu"}]}},"table_event_setting_list":[{"item_id":"cdlaaovugnvg","column_id":"gt1_fileName","row_number":0,"event_type":"focus","note":"","indicator_flag":false},{"item_id":"cdlaaovugnvg","column_id":"gt1_fileName","row_number":1,"event_type":"blur","note":"","indicator_flag":false},{"item_id":"cdlaaovugnvg","column_id":"gt1_fileName","row_number":2,"event_type":"change","note":"","indicator_flag":false},{"item_id":"ruvuwljhrnlf","column_id":"column01","row_number":3,"event_type":"focus","note":"","indicator_flag":false},{"item_id":"ruvuwljhrnlf","column_id":"column01","row_number":4,"event_type":"blur","note":"","indicator_flag":false}],"table_action_setting_list":{"cdlaaovugnvg":{"gt1_fileName":{"0":{"focus":[{"actionType":"customScript","note":"テーブルイベント確認用","conditionExpression":"","errHandling":"0","customScript":"(function($){\n  console.log(\"テーブルイベント\");\n})(jQuery);"}],"blur":[{"actionType":"customScript","note":"テーブルイベント確認用2","conditionExpression":"","errHandling":"0","customScript":"(function($){\n  console.log(\"テーブルイベント2\");\n})(jQuery);"}],"change":[{"actionType":"customScript","note":"テーブルイベント確認用3","conditionExpression":"","errHandling":"0","customScript":"(function($){\n  console.log(\"テーブルイベント3\");\n})(jQuery);"}]}}},"ruvuwljhrnlf":{"column01":{"0":{"focus":[{"actionType":"customScript","note":"テーブルイベント確認用4","conditionExpression":"","errHandling":"0","customScript":"(function($){\n  console.log(\"テーブルイベント4\");\n})(jQuery);"}],"blur":[{"actionType":"customScript","note":"テーブルイベント確認用5","conditionExpression":"","errHandling":"0","customScript":"(function($){\n  console.log(\"テーブルイベント5\");\n})(jQuery);"}]}}}},"form_action_setting_list":{"8fuegqna0fu0ofu":{"load":[{"actionType":"customScript","note":"set_context_department.js - コンテキスト組織の取得\n(本来はロジックフローのユーザコンテキスト：currentDepartmentから取得すべきだがサンプルのためリテラルで各コードを定義する)","conditionExpression":"","errHandling":"0","customScript":"(function($){\n  var code = \"comp_sample_01\";\n  $(\"[name=contextCompanyCd]\").val(code);\n  $(\"[name=contextDeptSetCd]\").val(code);\n  $(\"[name=contextDeptCd]\").val(code);\n})(jQuery);\n","indicator_flag":false},{"actionType":"customScript","note":"初期設定","conditionExpression":"","errHandling":"0","customScript":"var RNGD_CONST = {};\nRNGD_CONST.FIELD_ID_EMIT_GET_FILE = \"emitGetFile\";\nRNGD_CONST.FIELD_ID_PARAM_INSERT_ID = \"param_insertId\";\nRNGD_CONST.FIELD_ID_ITEM_SELECT = \"itemSelect1\";\n\n//-------------------------------------------------------------------------\n// Forma画面から値を取得するためのショートカット関数\n//-------------------------------------------------------------------------\nwindow.rngdGetValue = function (type, fieldId) {\n    var fn = getRngdImFieldMap()[type];\n    // スマホ版の場合\n    if (forma.funcs.getDisplayClientType() === \"pc\") {\n        return formaItems[fn].getItemData[fieldId]();\n    } else {\n        var args = {};\n        args.input_id = fieldId;\n        return formaItems[fn].getItemDataSp(args);\n    }\n};\nwindow.rngdSetValue = function (type, fieldId, value) {\n    var fn = getRngdImFieldMap()[type];\n    if (forma.funcs.getDisplayClientType() === \"pc\") {\n        var args = {};\n        args.data = {};\n        args.data[fieldId] = value;\n        formaItems[fn].setItemData[fieldId](args);\n    } else {\n        var args = {};\n        args.input_id = fieldId;\n        args.inputDataList = {};\n        args.inputDataList[fieldId] = value;\n        formaItems[fn].setItemDataSp(args)\n    }\n};\nwindow.rngdBindValue = function (type, fieldId, value) {\n    var fn = getRngdImFieldMap()[type];\n    if (forma.funcs.getDisplayClientType() === \"pc\") {\n        formaItems[fn].setItemData[fieldId](value);\n    } else {\n        formaItems[fn].setItemDataSp(value)\n    }\n}\nwindow.getRngdImFieldMap = function () {\n    return {\n        \"textbox\": \"product_72_textbox\",\n        \"textarea\": \"product_72_textarea\",\n        \"number\": \"product_72_number\",\n        \"calendar\": \"product_72_calendar\",\n        \"terms\": \"product_72_terms\",\n        \"itemSelect\": \"product_80_itemSelect\",\n        \"table\": \"product_80_table\",\n        \"checkbox\": \"product_80_checkbox\",\n        \"radio\": \"product_80_radio\",\n        \"selectbox\": \"product_80_selectbox\",\n        \"listbox\": \"product_80_listbox\",\n        \"gridtable\": \"product_80_gridtable\",\n        \"userSelect\": \"product_72_userSelect\",\n        \"departmentSelect\": \"product_72_departmentSelect\",\n        \"departmentPostSelect\": \"product_72_departmentPostSelect\",\n        \"affiliationSelect\": \"product_72_affiliationSelect\",\n        \"hidden\": \"product_72_hidden\"\n    };\n};\n\n(function ($) {\n    $(\"[name=\" + RNGD_CONST.FIELD_ID_PARAM_INSERT_ID + \"]\").on(\"change\", function () {\n        var insertId = $(\"[name=\" + RNGD_CONST.FIELD_ID_PARAM_INSERT_ID + \"]\").val();\n        $(\"[name=\" + RNGD_CONST.FIELD_ID_ITEM_SELECT + \"_display\").val(insertId);\n        var checkBoxValue = rngdGetValue(\"checkbox\", RNGD_CONST.FIELD_ID_EMIT_GET_FILE);\n        if(checkBoxValue === \"\" || checkBoxValue === undefined || checkBoxValue === \"0\") {\n            rngdSetValue(\"checkbox\", RNGD_CONST.FIELD_ID_EMIT_GET_FILE, \"1\");\n        } else {\n            rngdSetValue(\"checkbox\", RNGD_CONST.FIELD_ID_EMIT_GET_FILE, \"0\");\n        }\n        $(\"input[name=\" + RNGD_CONST.FIELD_ID_EMIT_GET_FILE + \"]:hidden\").click().val(RNGD_CONST.FIELD_ID_EMIT_GET_FILE).focus().change();\n    });\n    $(\"#\" + RNGD_CONST.FIELD_ID_EMIT_GET_FILE).hide();\n   window.rngdChangeSelectBox = function(fieldId, selectBoxPk) {\n        $('[name=\"'+fieldId+'\"]').focus();\n        $('[name=\"'+fieldId+'\"]').val(selectBoxPk).change();\n        $('[name=\"'+fieldId+'\"]').next('input').val($('[name=\"'+fieldId+'\"]').children(':selected').text());\n        $('[name=\"'+fieldId+'\"]').change();\n    }\n})(jQuery);\n"},{"actionType":"customScript","note":"set_button_text.js - 登録ボタンのラベル変更","conditionExpression":"","errHandling":"0","customScript":"(function($){\n    // 多言語対応したい場合はロケールでの分岐をする\n    var RNGD_APP_CONST = {};\n    RNGD_APP_CONST.APPLY_STR                     = \"バリデーション後の登録\";\n    RNGD_APP_CONST.REAPPLY_STR                   = \"バリデーション後の更新\";\n    RNGD_APP_CONST.APPROVE                       = \"バリデーション後の承認\";\n    RNGD_APP_CONST.REFERENCE                     = \"バリデーション後の参照\";\n    RNGD_APP_CONST.REGIST_BUTTON_ID              = \"eventButton_dlqubxmllrka\";\n\n    var responseType = $(\"#imfr_response_type\").val();\n    var buttonStr = \"\";\n    switch(responseType) {\n        case \"REGISTRATION\":\n            buttonStr = RNGD_APP_CONST.APPLY_STR;\n            break;\n        case \"EDIT\":\n            buttonStr = RNGD_APP_CONST.REAPPLY_STR\n            break;\n        case \"POSTSCRIPT\":\n            buttonStr = RNGD_APP_CONST.APPROVE;\n            break;\n        case \"REFERENCE\":\n            buttonStr = RNGD_APP_CONST.REFERENCE;\n            break;\n    }\n    $(\"#\"+RNGD_APP_CONST.REGIST_BUTTON_ID).val(buttonStr);\n})(jQuery);\n"},{"actionType":"customScript","note":"hide_regist_button.js - 登録ボタンを非表示にする","conditionExpression":"","errHandling":"0","customScript":"// 申請ボタンを隠す\n$(function() {\n  $(\"[id^=registButton]\").hide();\n});\n"},{"actionType":"controlDisplay","note":"ユーザ選択アイテムを非表示にする","conditionExpression":"","errHandling":"0","controlSetting":[{"mode":"invalid","itemId":"dspmipioumnv","positionAjustMode":"none"}]},{"actionType":"controlInput","note":"ユーザ選択テーブルを読み取り専用にする","conditionExpression":"","errHandling":"0","controlSetting":[{"mode":"invalid","tableId":"tb1","inputId":"","inputItemType":"","triggerSelf":false}]},{"actionType":"customScript","note":"init_wrapper.js - テーブルラッパー関数初期化","conditionExpression":"","errHandling":"0","customScript":"if(!window.hasOwnProperty(\"RNGD_APP_CONST\")) {\n    window.RNGD_APP_CONST = {};\n}\n\n// ----------------------------------------------------------------\n// PC版かスマホ版かを判断します\n// ----------------------------------------------------------------\nwindow.isPc = function() {\n    // PC版かどうかを判断する\n    return forma.funcs.getDisplayClientType() === \"pc\";\n};\n\nwindow.RNGD_APP_CONST.FIELD_ID_TABLE       = \"tb1\";\nwindow.RNGD_APP_CONST.FIELD_ID_COLUMN01    = \"column01\"\nwindow.RNGD_APP_CONST.FIELD_ID_COLUMN02    = \"column02\";\n\n(function($){\n    // ----------------------------------------------------------------\n    // 対象テーブル明細を削除します\n    // ----------------------------------------------------------------\n    window.rngdClearTableData = function(targetTableId, targetTableColumns) {\n        // イベントボタン（テーブルクリア）\n\n        function removeHtmlCollectionObject(collection, length) {   \n            $(collection).each(function(idx, obj) {\n                if(idx !== 0 && idx !== length - 1) {\n                    $(obj).remove();\n                }\n            });\n        }\n\n        function formaTblGetItemData (tableId, rowId, inputIdList) {\n            if(window.isPc()) {\n                return formaItems.product_80_table.getItemData[tableId](rowId, inputIdList);\n            } else {\n                var args = {};\n                args.tableId = tableId;\n                args.rowId = rowId;\n                args.inputIdList = inputIdList;\n                return formaItems.product_80_table.getItemDataSp(args);\n            }\n        }\n\n        function formaTblSetItemData (tableId, args, option) {\n            if(window.isPc()) {\n                formaItems.product_80_table.setItemData[tableId](args, option);\n            } else {\n                formaItems.product_80_table.setItemDataSp(args);\n            }\n        }\n\n        // 現在設定されているテーブル情報を取得\n        var rowId = \"\";\n        var inputIdList = [];\n\n        for(var i = 0; i < targetTableColumns.length; i++) {\n            inputIdList[i] = targetTableColumns[i];\n        }\n        var result = formaTblGetItemData(targetTableId, rowId, inputIdList);\n        \n        // テーブルデータが存在する場合のみ実行する\n        if(result.length > 0) {\n            var args = {};\n            \n            if(window.isPc()) {\n                args.data = {};\n                args.data[targetTableId] = [];\n                for(var i=0; i<result.length; i++){\n                    args.data[targetTableId][i] = {};\n                    for(var j = 0; j <targetTableColumns.length; j++) {\n                        var columnKey = targetTableColumns[j];\n                        args.data[targetTableId][i][columnKey] = \"\";\n                    }\n                }\n            } else {\n                // スマホ\n                args.tableId = targetTableId;\n                args.dataInputId = [];\n                for(var i = 0; i < targetTableColumns.length; i++) {\n                    args.dataInputId[i] = targetTableColumns[i];\n                }\n\n                args.inputDataList = [];\n                for(var i=0; i<result.length; i++){\n                    args.inputDataList[i] = {};\n                    for(var j = 0; j <targetTableColumns.length; j++) {\n                        var columnKey = targetTableColumns[j];\n                        args.inputDataList[i][columnKey] = \"\";\n                    }                \n\n                }\n            }\n\n            var option = {};\n            formaTblSetItemData(targetTableId, args, option);\n\n            var tblObj = null;\n            var tblLen = 0;\n            if(window.isPc()) {\n                tblObj = $(\"[table_id=\"+targetTableId+\"]\").children(\"table\")[0].rows;\n                tblLen = tblObj.length;\n                removeHtmlCollectionObject(tblObj, tblLen);\n            } else {\n                // テーブルメインを削除\n                tblObj = $(\"[name=\"+targetTableId+\"_base]\")[0].rows;\n                tblLen = tblObj.length;\n                removeHtmlCollectionObject(tblObj, tblLen);\n\n                // テーブルのスクロールバー部分を削除\n                var tblObjScroll = $(\"[name=\"+targetTableId+\"_scrollable]\")[0].rows;\n                $(tblObjScroll).each(function(idx, obj) {\n                    if(idx !== 0) {\n                        $(obj).remove();\n                    }\n                });\n\n                // テーブル（別ページ）を削除\n                var tblObjSpDetail = $(\"#table_\"+targetTableId)[0].rows;\n                tblLen = tblObjSpDetail.length;\n                removeHtmlCollectionObject(tblObjSpDetail, tblLen);\n            }\n        }    \n    };\n})(jQuery);\n"},{"actionType":"customScript","note":"登録時のみ：テーブル明細クリア","conditionExpression":"imfr_response_type = \"REGISTRATION\"","errHandling":"0","customScript":"(function($){\n    // ユーザ選択テーブルリセット\n    window.rngdClearTableData(RNGD_APP_CONST.FIELD_ID_TABLE, [RNGD_APP_CONST.FIELD_ID_COLUMN01, RNGD_APP_CONST.FIELD_ID_COLUMN02]);\n})(jQuery);\n"},{"actionType":"customScript","note":"rewrite_forma_func.js","conditionExpression":"","errHandling":"0","customScript":"if(!window.hasOwnProperty(\"RNGD_APP_CONST\")) {\n    window.RNGD_APP_CONST = {};\n}\n\n// ----------------------------------------------------------------\n// PC版かスマホ版かを判断します\n// ----------------------------------------------------------------\nwindow.isPc = function() {\n    // PC版かどうかを判断する\n    return forma.funcs.getDisplayClientType() === \"pc\";\n};\n\n(function($){\n    \n    RNGD_APP_CONST.FIELD_ID_TABLE       = \"tb1\";\n    RNGD_APP_CONST.FIELD_ID_COLUMN01    = \"column01\"\n    RNGD_APP_CONST.FIELD_ID_COLUMN02    = \"column02\";\n    function isPc() {\n        return forma.funcs.getDisplayClientType() === \"pc\";\n    }\n    function formaTblGetItemData (tableId, rowId, inputIdList) {\n        if(isPc()) {\n            return formaItems.product_80_table.getItemData[tableId](rowId, inputIdList);\n        } else {\n            var args = {};\n            args.tableId = tableId;\n            args.rowId = rowId;\n            args.inputIdList = inputIdList;\n            return formaItems.product_80_table.getItemDataSp(args);\n        }\n    }\n\n    function formaTblSetItemData (tableId, args, option) {\n        if(isPc()) {\n            formaItems.product_80_table.setItemData[tableId](args, option);\n        } else {\n            formaItems.product_80_table.setItemDataSp(args);\n        }\n    }\n    // 申請・再申請画面のみ、forma.master.openSelectItemPageを書き換える\n    var respType = $(\"[name=imfr_response_type]\").val();\n    if(respType === \"REGISTRATION\" || respType === \"EDIT\") {\n        //-------------------------------------------------------------------------\n        // ユーザ選択画面の選択タイプを複数選択に変更する\n        //-------------------------------------------------------------------------\n        forma.master.openSelectItemPage = function (item_id) {\n            forma.master.currentId = item_id;\n            var parameter = {};\n            // パラメータを代入\n            parameter.target = forma.master.masterTypeTarget[forma.master.itemSelectPageParams[item_id].imMasterType];\n            parameter.callback_function = \"_formaMasterSelectedItem\"; // callbackを指定\n            //単一選択を指定する場合\n            // parameter.type = \"single\";\n            //複数選択を指定する場合\n            parameter.type = \"multiple\"; \n            parameter.wnd_close = true; //選択後の動作を指定\n            parameter.tabs = forma.master.itemSelectPageParams[item_id].searchPageNames; //検索方法の指定\n\n            // 検索基準日の指定\n            parameter.target_date = new Date();\n            parameter.target_date.setTime( forma.master.itemSelectPageParams[item_id].baseDateTime );\n            \n            // propパラメータの指定\n            if( forma.master.itemSelectPageParams[item_id].imMasterType === 'userSelect' ){\n                parameter.prop = forma.master.addProp( parameter.tabs ) ;\n            }\n            // 検索画面を開く\n            imMasterSaerchObj.open(parameter);\n        };\n\n\n        //-------------------------------------------------------------------------\n        // ユーザ選択画面の選択タイプを複数選択に変更する\n        //-------------------------------------------------------------------------\n        forma.master.openSelectItemPageSp = function ( item_id ) {\n            forma.master.currentId = item_id;\n            var page_path = 'im_master_smartphone/search/search';\n            var param = {};\n            // パラメータを代入\n        //    param.target = forma.master.masterTypeTarget[forma.master.itemSelectPageParams[item_id].imMasterType];\n            param.callback_function = '_formaMasterSelectedItem'; // callbackを指定\n            param.type = 'multiple'; //単一選択を指定\n            param.tabs = forma.master.itemSelectPageParams[item_id].searchPageNames; //検索方法の指定\n        \n            // 検索基準日の指定\n            param.target_date = new Date();\n            param.target_date.setTime( forma.master.itemSelectPageParams[item_id].baseDateTime );\n        \n            // propパラメータの指定\n            if( forma.master.itemSelectPageParams[item_id].imMasterType === 'userSelectSp' ){\n                param.prop = forma.master.addProp( param.tabs ) ;\n            }\n            var parameter_json_string = escape( ImJson.toJSONString( param ) );\n        \n            // 検索画面を開く\n            $( document.body ).pagecontainer( 'change', page_path, {\n                type : 'post',\n                data : {\n                    parameter : parameter_json_string\n                },\n                role : 'dialog'\n            }); \n        };\n\n        var userSelectItemId = \"\";\n        var tabs = [];\n        var userSelectKey = \"\";\n        if(isPc()) {\n            userSelectItemId = $(\"[name=searchUser]\").parent()[0].id;\n            tabs = [\n                {\"id\" : \"jp.co.intra_mart.master.app.search.tabs.user.list_user\", \"title\" : \"キーワード\"}, \n                {\"id\" : \"jp.co.intra_mart.master.app.search.tabs.user.tree_department\", \"title\" : \"会社組織（ツリー）\"}, \n                {\"id\" : \"jp.co.intra_mart.master.app.search.tabs.user.list_department\", \"title\" : \"会社組織（キーワード）\"}\n            ];\n            userSelectKey = \"userSelect\";\n        } else {\n            userSelectItemId = $(\"[name=searchUser]\").parent().parent()[0].id;\n            tabs = [\n                {\"id\" : \"jp.co.intra_mart.im_master.app.search.tabs.user.user.keyword.smartphone\", \"title\" : \"キーワード\"}, \n                {\"id\" : \"jp.co.intra_mart.im_master.app.search.tabs.user.department.tree_with_list.smartphone\", \"title\" : \"会社組織\"}\n            ];\n            userSelectKey = \"userSelectSp\";\n        }\n\n\n        forma.master.addItemSelectPageParams( userSelectItemId, userSelectKey, new Date(), tabs,\n        function(result){\n            var userList = [];\n            result.forEach(function(obj){\n                var userName = obj.data.user_name;\n                var userCd = obj.data.user_cd;\n                var userObj = {userCd: userCd, userName: userName};\n                userList.push(userObj);\n            });\n\n\n                // 現在設定されているテーブル情報を取得\n            var rowId = \"\";\n            var inputIdList = [];\n            inputIdList[0] = RNGD_APP_CONST.FIELD_ID_COLUMN01;\n            inputIdList[1] = RNGD_APP_CONST.FIELD_ID_COLUMN02;\n            var targetTbl = formaTblGetItemData(RNGD_APP_CONST.FIELD_ID_TABLE, rowId, inputIdList);\n\n\n            // ユーザ選択で取得したユーザと、既存のデータをマージする\n            var searchUserList = [];\n            targetTbl.forEach(function(row) {\n                var userCd = row[RNGD_APP_CONST.FIELD_ID_COLUMN01];\n                var userName = row[RNGD_APP_CONST.FIELD_ID_COLUMN02];\n                var userObj = {userCd: userCd, userName: userName};\n                searchUserList.push(userObj);\n            });\n            userList = searchUserList.concat(userList);\n\n            var targetIdList = [];\n            var targetUserObjList = [];\n\n            userList.forEach(function(user) {\n                var targetUserCd = user.userCd;\n                // 対象ユーザとして一度も追加されていない場合のみ\n                if(targetIdList.indexOf(targetUserCd) === -1) {\n                    targetIdList.push(targetUserCd);\n                    targetUserObjList.push(user);\n                }\n            });\n            \n            var args = {};\n\n            if(isPc()) {\n                args.data = {};\n                args.data[RNGD_APP_CONST.FIELD_ID_TABLE] = [];\n                for(var i=0; i<targetUserObjList.length; i++){\n                    args.data[RNGD_APP_CONST.FIELD_ID_TABLE][i] = {};\n                    args.data[RNGD_APP_CONST.FIELD_ID_TABLE][i][RNGD_APP_CONST.FIELD_ID_COLUMN01] = targetUserObjList[i].userCd;\n                    args.data[RNGD_APP_CONST.FIELD_ID_TABLE][i][RNGD_APP_CONST.FIELD_ID_COLUMN02] = targetUserObjList[i].userName;\n                }\n\n            } else {\n                // スマホ\n                args.tableId = RNGD_APP_CONST.FIELD_ID_TABLE;\n                args.dataInputId = [];\n                args.dataInputId[0] = RNGD_APP_CONST.FIELD_ID_COLUMN01;\n                args.dataInputId[1] = RNGD_APP_CONST.FIELD_ID_COLUMN02;\n                args.inputDataList = [];\n                for(var i=0; i<targetUserObjList.length; i++){\n                    args.inputDataList[i] = {};\n                    args.inputDataList[i][RNGD_APP_CONST.FIELD_ID_COLUMN01] = targetUserObjList[i].userCd;\n                    args.inputDataList[i][RNGD_APP_CONST.FIELD_ID_COLUMN02] = targetUserObjList[i].userName;\n                }\n            }\n\n            var option = {};\n            formaTblSetItemData(RNGD_APP_CONST.FIELD_ID_TABLE, args, option);\n\n        });\n    }\n})(jQuery);\n"},{"actionType":"customScript","note":"rewrite_forma_itemselect.js - 一覧選択アイテムのページング数書き換え","conditionExpression":"","errHandling":"0","customScript":"// # forma/csjs/im_forma_itemselect.jsを書き換える\n// # シャープ付きコメントはカスタマイズ時に付与したもの\n// # それ以外は、元々im_forma_itemselect.jsあったもの\n/**\n * 一覧選択アイテムを利用する関数を提供します。\n * @class 一覧選択アイテムを利用する関数を提供します。\n *\n * @constructor\n * @version 1.0\n * @since 8.0\n * @author INTRAMART\n */\n// # Forma書き換え時の定数定義\nif(!window.RNGD_APP_FORMA_CONST) {\n    var RNGD_APP_FORMA_CONST = window.RNGD_APP_FORMA_CONST = {};\n}\nRNGD_APP_FORMA_CONST.PAGE_SELECT_NUM_APPEND_LIST = [100, 200, 500, 1000, 2000];\n\nif (!window.forma) {\n    var forma = window.forma = {};\n  }\n  // # itemselectの定義\n  else {\n      var forma = window.forma;\n  }\n  if(!forma.hasOwnProperty(\"itemselect\")) {\n      forma.itemselect = {};\n  }\n//   forma.itemselect = {};\n\n  /**\n   * 一覧選択画面を表示するためのパラメータを設定します。\n   * @param {Object} param 一覧選択画面を表示するための構成情報\n   * @version 8.0.10\n   * @since 8.0\n   */\n  forma.itemselect.addItemSelectPageParams = function (param) {\n      forma.itemselect.itemSelectUrl              = param.url;\n      forma.itemselect.itemSelectItemId           = param.itemId;\n      forma.itemselect.itemSelectInputId          = param.inputId;\n      forma.itemselect.itemSelectPageTitle        = param.pageTitle;\n      forma.itemselect.itemSelectPageInSetting    = param.pageInSetting;\n      forma.itemselect.itemSelectPageOutSetting   = param.pageOutSetting;\n      forma.itemselect.itemSelectPageSelectType   = param.pageSelectType;\n      forma.itemselect.itemSelectPageDatabaseList = param.pageDatabaseList;\n  };\n  \n  /**\n   * 一覧選択画面を表示します。\n   * 本関数を事項する前にaddItemSelectPageParams関数で必ずパラメータを設定してください。\n   * @param {Object} param 一覧選択画面を表示するための情報\n   * @version 8.0.14\n   * @since 8.0\n   */\n  forma.itemselect.openSelectItemPage = function (param) {\n      if( typeof window.forma.itemselect.dialog !== 'undefined' ) return;\n      if( (param.inputId !== \"\") && (param.inputId !== forma.itemselect.itemSelectInputId) ) return;\n      var data = {\n          im_selectitem_itemId       : forma.itemselect.itemSelectItemId,\n          im_selectitem_inputId      : forma.itemselect.itemSelectInputId,\n          im_selectitem_title        : forma.itemselect.itemSelectPageTitle,\n          im_selectitem_inSetting    : forma.itemselect.itemSelectPageInSetting,\n          im_selectitem_outSetting   : forma.itemselect.itemSelectPageOutSetting,\n          im_selectitem_selectType   : forma.itemselect.itemSelectPageSelectType,\n          im_selectitem_databaseList : forma.itemselect.itemSelectPageDatabaseList,\n          im_selectitem_data         : ImJson.toJSONString(param.pageData),\n          im_selectitem_option       : ImJson.toJSONString(param.pageOption)\n      };\n  \n      var dialogHeight = data.im_selectitem_selectType === 'multi' ? 700 : 650;\n      jQuery('<div class=\"imfr-dialog-page\"/>').imuiPageDialog({\n          title     : $('<div>').text(data.im_selectitem_title).html(),\n          url       : forma.itemselect.itemSelectUrl,\n          parameter : data,\n          method    : 'post',\n          width     : 875,\n          height    : dialogHeight,\n          modal     : true,\n          zIndex    : 10000,\n          toolbarRight : [{\n              iconClass : \"im-ui-icon-common-16-refresh\",\n              href      : \"javascript:void(0);\"\n          }],\n          open      : function (event, ui) {\n              forma.itemselect.dialog = jQuery(this);  \n           \n          },\n          close     : function (event, ui) {\n              $(window).unbind('resize');\n              jQuery(this).dialog('destroy');\n              jQuery(event.target).remove();\n              forma.itemselect.dialog = undefined;\n              // タブインデックスを戻す\n              var iconSelector = !forma.util.isBlank( forma.itemselect.itemSelectIndex ) && forma.itemselect.itemSelectIndex > -1 ?\n                  $( '[name=\"' + forma.itemselect.itemSelectInputId + '_index\"]' ).eq( forma.itemselect.itemSelectIndex ) :\n                  $( '[name=\"' + forma.itemselect.itemSelectInputId + '_index\"]' );\n              // Android端末の場合はフォーカスを戻さない\n              if( navigator.userAgent.indexOf( 'Android' ) != -1 ) return;\n              var index = !forma.util.isBlank( forma.itemselect.itemSelectIndex ) && forma.itemselect.itemSelectIndex > -1 ?\n                          $( '[name=\"' + forma.itemselect.itemSelectInputId + '_display\"]' ).eq( forma.itemselect.itemSelectIndex ).attr('tabindex')-0+1 :\n                          $( '[name=\"' + forma.itemselect.itemSelectInputId + '_display\"]' ).attr('tabindex')-0+1;\n              iconSelector.attr('tabindex', index);\n              iconSelector.focus();\n              if( !( $( ':focus' ) === iconSelector ) ){\n                window.focus();\n                iconSelector.focus();\n              }\n              forma.itemselect.itemSelectIndex = '';\n          },\n          // # imuiPageDialogのAjaxイベント終了後にページング処理を挿入\n          onAjaxComplete : function() {\n            // # ページングの表示件数を拡張する\n            RNGD_APP_FORMA_CONST.PAGE_SELECT_NUM_APPEND_LIST.forEach(function(pgNum) {\n                $(\".imfr-dialog-page\").find(\".ui-pg-selbox\")\n                    .append($('<option>').html(pgNum).val(pgNum))\n            });   \n          }\n      });\n  }\n  "},{"actionType":"customScript","note":"set_attribute_box.js - 所属セレクトボックスのデフォルト設定","conditionExpression":"","errHandling":"0","customScript":"(function($){\n    \n  var RNGD_APP_CONST = {};\n  RNGD_APP_CONST.FIELD_ID_APPLY_SHOZOKU               = \"applyAttribute_display\";\n\n  RNGD_APP_CONST.FIELD_ID_CONTEXT_COMPANY_CD          = \"contextCompanyCd\";\n  RNGD_APP_CONST.FIELD_ID_CONTEXT_DEPT_SET_CD         = \"contextDeptSetCd\";\n  RNGD_APP_CONST.FIELD_ID_CONTEXT_DEPT_CD             = \"contextDeptCd\";    \n  // 申請画面または再申請画面の場合のみセレクトボックス内容を変更する\n  // 申請画面の場合、コンテキスト情報の組織情報が設定される\n  var respType = $(\"[name=imfr_response_type]\").val();\n  if (respType === \"REGISTRATION\" || respType === \"EDIT\") {\n    // 組織コードの取得と所属組織の切替\n    var ctxCompanyCd = rngdGetValue(\"hidden\", RNGD_APP_CONST.FIELD_ID_CONTEXT_COMPANY_CD);\n    var ctxDeptSetCd = rngdGetValue(\"hidden\", RNGD_APP_CONST.FIELD_ID_CONTEXT_DEPT_SET_CD);\n    var ctxDeptCd = rngdGetValue(\"hidden\", RNGD_APP_CONST.FIELD_ID_CONTEXT_DEPT_CD);\n    rngdChangeSelectBox(RNGD_APP_CONST.FIELD_ID_APPLY_SHOZOKU, ctxCompanyCd+\"^\"+ctxDeptSetCd+\"^\"+ctxDeptCd);\n  }\n})(jQuery);\n"},{"actionType":"customScript","note":"set_back_page.js - 戻るボタンの戻り先を変更する","conditionExpression":"","errHandling":"0","customScript":"(function($){\n    var RNGD_APP_CONST = {};\n    RNGD_APP_CONST.VIEW_CREATOR_APPLY_PATH = \"viewcreator/dataview/list/YOUR_VIEW_CREATOR_APP\";\n    var respType = $(\"[name=imfr_response_type]\").val();\n    if (respType === \"REGISTRATION\") {\n        $(\"#imfr-back-form\").attr(\"action\", RNGD_APP_CONST.VIEW_CREATOR_APPLY_PATH)\n        $(\"#imfr_callback_url\").val(RNGD_APP_CONST.VIEW_CREATOR_APPLY_PATH);\n\n        $(\"<input>\").attr({\n        type: \"hidden\",\n        id: \"companyCd\",\n        name: \"companyCd\",\n        value: $(\"[name=contextCompanyCd]\").val()\n        }).appendTo(\"#imfr-back-form\");\n    }\n})(jQuery);\n"},{"actionType":"customScript","note":"matter_name_setting.js - 画面の入力項目を案件名として利用する(IM-Workflow連携のみ)","conditionExpression":"","errHandling":"0","customScript":"(function($) {\n    // imwMatterNameがすでにある場合は削除する\n    if(!( $('input[name=\"imwMatterName\"]').val() === undefined) ) {\n      $('input[name=\"imwMatterName\"]').remove()\n    }\n\n    // imwForcedParamFlagがすでにある場合は削除する\n    if(!( $(\"#imwForcedParamFlag\").val() === undefined) ) {\n      $(\"#imwForcedParamFlag\").remove()\n    }\n\n    // imwMatterNameを追加し、画面パラメータを優先させる\n    $(\"<input>\").attr({\n         id: \"imwMatterName\",\n         type: \"hidden\",\n         name: \"imwMatterName\"\n    }).appendTo(\"#form_area\");\n\n    // imwForcedParamFlagを追加し、一時保存後であっても画面パラメータを優先させる\n    $(\"<input>\").attr({\n         id: \"imwForcedParamFlag\",\n         type: \"hidden\",\n         name: \"imwForcedParamFlag\",\n         value: \"1\"\n    }).appendTo(\"#form_area\");\n})(jQuery);\n"}]}}},"sp_item_list":[]}