{"request" : [{"rootName" : "【Sample-rinne-grid】他アプリのファイルダウンロードリンク取得_02取得先アプリフォーム", "fields" : [{"dataType" : "VARCHAR", "id" : {"screenFldId" : "itemSelect1", "itemId" : "qmrjsahtufyr"}, "label" : "アプリ01のデータを選択 | itemSelect1", "formaPartId" : "itemSelect1", "displayType" : "simple", "highlightFlag" : false, "list" : false, "mandatory" : false, "wsFldId" : null, "wsFldIndex" : 0, "screenFldId" : "itemSelect1"}, {"dataType" : "VARCHAR", "id" : {"screenFldId" : "param_appId", "itemId" : "zyjpnkokyxdv"}, "label" : "アプリID_画面hidden | param_appId", "formaPartId" : "param_appId", "displayType" : "simple", "highlightFlag" : false, "list" : false, "mandatory" : false, "wsFldId" : null, "wsFldIndex" : 0, "screenFldId" : "param_appId", "expressionStr" : "[アプリID | appId:アプリ01のデータを選択 | itemSelect1.一覧選択画面]", "wsFields" : [{"screenFldId" : "appId", "label" : "[アプリID | appId:アプリ01のデータを選択 | itemSelect1.一覧選択画面]", "isDTColumn" : true, "parentID" : "itemSelect1"}]}, {"dataType" : "VARCHAR", "id" : {"screenFldId" : "param_insertId", "itemId" : "jhnloopisrgp"}, "label" : "インサートID_画面hidden | param_insertId", "formaPartId" : "param_insertId", "displayType" : "simple", "highlightFlag" : false, "list" : false, "mandatory" : false, "wsFldId" : null, "wsFldIndex" : 0, "screenFldId" : "param_insertId", "expressionStr" : "[インサートID | insertId:アプリ01のデータを選択 | itemSelect1.一覧選択画面]", "wsFields" : [{"screenFldId" : "insertId", "label" : "[インサートID | insertId:アプリ01のデータを選択 | itemSelect1.一覧選択画面]", "isDTColumn" : true, "parentID" : "itemSelect1"}]}], "attribute" : "data"}], "response" : {}, "dataSourceId" : null}