<?xml version="1.0" encoding="UTF-8" standalone="yes"?>
<data xmlns="http://intra-mart.co.jp/foundation/forma/application/export/iap">
    <forms>
        <form>
            <form-id>8fuegjab4fth7fu</form-id>
            <locale-id>ja</locale-id>
            <form-name>【Sample-rinne-grid】他アプリのファイルダウンロードリンク取得_01取得元アプリフォーム</form-name>
            <notes></notes>
            <version-no>3</version-no>
            <template_flag>false</template_flag>
            <global_tpl_flag>false</global_tpl_flag>
        </form>
    </forms>
    <form-relations>
        <form-relation>
            <application-id>rngd_sample_dl_file_01</application-id>
            <application-no>1</application-no>
            <client-type>PC</client-type>
            <form-id>8fuegjab4fth7fu</form-id>
            <version-no>1</version-no>
        </form-relation>
    </form-relations>
    <applications>
        <application>
            <application-id>rngd_sample_dl_file_01</application-id>
            <locale-id>ja</locale-id>
            <application-name>【Sample-rinne-grid】他アプリのファイルダウンロードリンク取得_01取得元アプリ</application-name>
            <notes></notes>
            <target-locale>ja</target-locale>
            <application-type>std</application-type>
            <company-admin-flag>false</company-admin-flag>
            <version-no>1</version-no>
            <list-view-type>listview</list-view-type>
        </application>
    </applications>
    <application-companies/>
    <application-versions>
        <application-version>
            <application-id>rngd_sample_dl_file_01</application-id>
            <application-no>1</application-no>
            <locale-id>ja</locale-id>
            <version-notes></version-notes>
            <main-form-id>8fuegjab4fth7fu</main-form-id>
            <delete-flag>false</delete-flag>
            <effective-date>2020-12-01+09:00</effective-date>
            <end-date>2999-12-31+09:00</end-date>
            <version-no>1</version-no>
        </application-version>
    </application-versions>
    <authorities>
        <auth-process-targets>
            <auth-process-target>
                <application-id>rngd_sample_dl_file_01</application-id>
                <process-target-type>authenticated_users</process-target-type>
                <authority-type>15</authority-type>
                <version-no>0</version-no>
            </auth-process-target>
        </auth-process-targets>
        <auth-roles/>
        <auth-users/>
        <auth-departments/>
        <auth-public-groups/>
    </authorities>
    <imw-relations/>
    <imw-transitions/>
    <imw-matter-properties/>
    <imw-postscripts/>
    <transitions>
        <transition>
            <application-id>rngd_sample_dl_file_01</application-id>
            <application-no>1</application-no>
            <transition-id>8fuegjabvfth8fu</transition-id>
            <transition-type>0</transition-type>
            <locale-id>ja</locale-id>
            <transition-name>登録画面</transition-name>
            <default-flag>true</default-flag>
            <version-no>1</version-no>
            <transition-mode>0</transition-mode>
            <sp-display-mode>sp</sp-display-mode>
        </transition>
        <transition>
            <application-id>rngd_sample_dl_file_01</application-id>
            <application-no>1</application-no>
            <transition-id>8fuegjabvfth9fu</transition-id>
            <transition-type>1</transition-type>
            <locale-id>ja</locale-id>
            <transition-name>更新画面</transition-name>
            <default-flag>true</default-flag>
            <version-no>1</version-no>
            <transition-mode>0</transition-mode>
            <sp-display-mode>sp</sp-display-mode>
        </transition>
        <transition>
            <application-id>rngd_sample_dl_file_01</application-id>
            <application-no>1</application-no>
            <transition-id>8fuegjabvfthafu</transition-id>
            <transition-type>9</transition-type>
            <locale-id>ja</locale-id>
            <transition-name>参照画面</transition-name>
            <default-flag>true</default-flag>
            <version-no>1</version-no>
            <transition-mode>0</transition-mode>
            <sp-display-mode>sp</sp-display-mode>
        </transition>
    </transitions>
    <transition-details>
        <transition-detail>
            <application-id>rngd_sample_dl_file_01</application-id>
            <application-no>1</application-no>
            <transition-id>8fuegjabvfth8fu</transition-id>
            <transition-order-no>1</transition-order-no>
            <form-id>8fuegjab4fth7fu</form-id>
            <version-no>1</version-no>
            <required-tab>false</required-tab>
        </transition-detail>
        <transition-detail>
            <application-id>rngd_sample_dl_file_01</application-id>
            <application-no>1</application-no>
            <transition-id>8fuegjabvfth9fu</transition-id>
            <transition-order-no>1</transition-order-no>
            <form-id>8fuegjab4fth7fu</form-id>
            <version-no>1</version-no>
            <required-tab>false</required-tab>
        </transition-detail>
        <transition-detail>
            <application-id>rngd_sample_dl_file_01</application-id>
            <application-no>1</application-no>
            <transition-id>8fuegjabvfthafu</transition-id>
            <transition-order-no>1</transition-order-no>
            <form-id>8fuegjab4fth7fu</form-id>
            <version-no>1</version-no>
            <required-tab>false</required-tab>
        </transition-detail>
    </transition-details>
    <table-settings>
        <table-setting>
            <application-id>rngd_sample_dl_file_01</application-id>
            <object-id>imfr_form</object-id>
            <table-name>imfr_ut_rngd_sample_dl_file_01</table-name>
            <ddl>CREATE TABLE imfr_ut_rngd_sample_dl_file_01(imfr_sd_insert_id varchar(20) NOT NULL, imfr_sd_application_id varchar(100), imfr_sd_application_no decimal(10,0), imfr_sd_version_no decimal(10,0), imfr_sd_create_date timestamp, imfr_sd_create_user_cd varchar(100), imfr_sd_record_date timestamp, imfr_sd_record_user_cd varchar(100), imfr_sd_preserve_flag varchar(1), imfr_ud_memo varchar(500), PRIMARY KEY (imfr_sd_insert_id))</ddl>
        </table-setting>
    </table-settings>
    <list-settings/>
    <user-programs/>
    <list-view-viewcreators>
        <list-view-viewcreator>
            <application-id>rngd_sample_dl_file_01</application-id>
            <query-cd>8fuegjagrfthcfu</query-cd>
            <data-cd>8fuegjagrfthdfu</data-cd>
        </list-view-viewcreator>
    </list-view-viewcreators>
</data>
