<?xml version="1.0" encoding="UTF-8" standalone="yes"?>
<source xmlns="http://intra-mart.co.jp/foundation/forma/datasource/export">
    <data-sources>
        <data-source>
            <datasource-id>8fueiabstfvhqfu</datasource-id>
            <locale-id>en</locale-id>
            <datasource-type>dtsrc_groupdb</datasource-type>
            <datasource-name>rngd_sql_for_sample_dl_file</datasource-name>
            <datasource-notes></datasource-notes>
            <valid-flag>true</valid-flag>
            <company-admin-flag>false</company-admin-flag>
            <version-no>4</version-no>
        </data-source>
        <data-source>
            <datasource-id>8fueiabstfvhqfu</datasource-id>
            <locale-id>ja</locale-id>
            <datasource-type>dtsrc_groupdb</datasource-type>
            <datasource-name>rngd_sql_for_sample_dl_file_01_get_app_transaction</datasource-name>
            <datasource-notes>【サンプル-rinne-gid】別アプリのファイルダウンロード用のデータソースです。
別アプリのトランザクションデータを取得します。</datasource-notes>
            <valid-flag>true</valid-flag>
            <company-admin-flag>false</company-admin-flag>
            <version-no>4</version-no>
        </data-source>
        <data-source>
            <datasource-id>8fueiabstfvhqfu</datasource-id>
            <locale-id>zh_CN</locale-id>
            <datasource-type>dtsrc_groupdb</datasource-type>
            <datasource-name>rngd_sql_for_sample_dl_file</datasource-name>
            <datasource-notes></datasource-notes>
            <valid-flag>true</valid-flag>
            <company-admin-flag>false</company-admin-flag>
            <version-no>4</version-no>
        </data-source>
        <data-source>
            <datasource-id>8fuekqdo6g10ifu</datasource-id>
            <locale-id>en</locale-id>
            <datasource-type>dtsrc_logic</datasource-type>
            <datasource-name>rngd_ld_for_sample_dl_file_get_download_url</datasource-name>
            <datasource-notes></datasource-notes>
            <valid-flag>true</valid-flag>
            <company-admin-flag>false</company-admin-flag>
            <version-no>2</version-no>
        </data-source>
        <data-source>
            <datasource-id>8fuekqdo6g10ifu</datasource-id>
            <locale-id>ja</locale-id>
            <datasource-type>dtsrc_logic</datasource-type>
            <datasource-name>rngd_ld_for_sample_dl_file_get_download_url</datasource-name>
            <datasource-notes>【サンプル-rinne-gid】別アプリのファイルダウンロード用のデータソースです。
別アプリでアップロードしたファイルのダウンロード用URLを取得します。</datasource-notes>
            <valid-flag>true</valid-flag>
            <company-admin-flag>false</company-admin-flag>
            <version-no>2</version-no>
        </data-source>
        <data-source>
            <datasource-id>8fuekqdo6g10ifu</datasource-id>
            <locale-id>zh_CN</locale-id>
            <datasource-type>dtsrc_logic</datasource-type>
            <datasource-name>rngd_ld_for_sample_dl_file_get_download_url</datasource-name>
            <datasource-notes></datasource-notes>
            <valid-flag>true</valid-flag>
            <company-admin-flag>false</company-admin-flag>
            <version-no>2</version-no>
        </data-source>
    </data-sources>
    <data-source-companies/>
</source>
