{"request" : {"fields" : [{"id" : null, "dataType" : null, "displayType" : "complex", "mandatory" : false, "list" : true, "label" : "rngd_sql_for_sample_dl_file_01_get_app_transaction", "wsFldId" : null, "wsFldIndex" : 0, "parentUniqueID" : null, "uniqueID" : "8fueiczxlfvmsfu"}]}, "response" : [{"rootName" : "一覧選択画面", "fields" : [{"displayType" : "complex", "id" : "itemSelect1", "label" : "アプリ01のデータを選択 | itemSelect1", "list" : false, "mandatory" : false, "wsFldId" : null, "wsFldIndex" : 0, "fields" : [{"displayType" : "simple", "highlightFlag" : false, "label" : "アプリID | appId", "id" : {"screenFldId" : "appId", "itemId" : "qmrjsahtufyr"}, "dataType" : "VARCHAR", "screenFldId" : "appId", "expressionStr" : "[imfr_sd_application_id:rngd_sql_for_sample_dl_file_01_get_app_transaction]", "wsFields" : [{"wsdlFldId" : "imfr_sd_application_id", "label" : "[imfr_sd_application_id:rngd_sql_for_sample_dl_file_01_get_app_transaction]", "uniqueID" : "8fueicgtufvm6fu", "dataType" : "string", "list" : false, "displayType" : "simple"}]}, {"displayType" : "simple", "highlightFlag" : false, "label" : "インサートID | insertId", "id" : {"screenFldId" : "insertId", "itemId" : "qmrjsahtufyr"}, "dataType" : "VARCHAR", "screenFldId" : "insertId", "expressionStr" : "[imfr_sd_insert_id:rngd_sql_for_sample_dl_file_01_get_app_transaction]", "wsFields" : [{"wsdlFldId" : "imfr_sd_insert_id", "label" : "[imfr_sd_insert_id:rngd_sql_for_sample_dl_file_01_get_app_transaction]", "uniqueID" : "8fueicgtcfvm4fu", "dataType" : "string", "list" : false, "displayType" : "simple"}]}, {"displayType" : "simple", "highlightFlag" : false, "label" : "メモ | memo", "id" : {"screenFldId" : "memo", "itemId" : "qmrjsahtufyr"}, "dataType" : "VARCHAR", "screenFldId" : "memo", "expressionStr" : "[imfr_ud_memo:rngd_sql_for_sample_dl_file_01_get_app_transaction]", "wsFields" : [{"wsdlFldId" : "imfr_ud_memo", "label" : "[imfr_ud_memo:rngd_sql_for_sample_dl_file_01_get_app_transaction]", "uniqueID" : "8fuel7de1g3o1fu", "dataType" : "string", "list" : false, "displayType" : "simple"}]}]}], "attribute" : "dialog"}], "serviceName" : undefined, "url" : undefined, "appDetails" : undefined, "operationName" : undefined, "dataSourceId" : "8fueiabstfvhqfu"}