{"serviceType" : "LOGIC_DESIGNER", "logicFlowId" : "rngd_sample_flow_get_app_file_download_url", "version" : "1", "isVersionDecide" : false, "request" : {"fields" : [{"id" : null, "dataType" : null, "displayType" : "complex", "mandatory" : false, "list" : true, "label" : undefined, "wsFldId" : null, "wsFldIndex" : 0, "uniqueID" : "8fuekqjldg11bfu", "parentUniqueID" : null, "fields" : [{"id" : {}, "dataType" : "string", "displayType" : "simple", "mandatory" : false, "list" : false, "label" : null, "wsFldId" : "rngdInsertId", "wsFldIndex" : 1, "uniqueID" : "8fuekqjldg11dfu", "parentUniqueID" : "8fuekqjldg11bfu"}, {"id" : {}, "dataType" : "string", "displayType" : "simple", "mandatory" : false, "list" : false, "label" : null, "wsFldId" : "rngdApplicationId", "wsFldIndex" : 2, "uniqueID" : "8fuekqjldg11efu", "parentUniqueID" : "8fuekqjldg11bfu"}]}]}, "response" : {"fields" : [{"id" : null, "dataType" : null, "displayType" : "complex", "mandatory" : false, "list" : true, "label" : undefined, "wsFldId" : null, "wsFldIndex" : 0, "uniqueID" : "8fuekqjldg11cfu", "parentUniqueID" : null, "fields" : [{"id" : null, "dataType" : null, "displayType" : "array", "mandatory" : false, "list" : true, "label" : "fileList", "wsFldId" : null, "wsFldIndex" : 1, "uniqueID" : "8fuekqjldg11ffu", "parentUniqueID" : "8fuekqjldg11cfu", "fields" : [{"id" : null, "dataType" : null, "displayType" : "complex", "mandatory" : false, "list" : true, "label" : "", "wsFldId" : null, "wsFldIndex" : 2, "uniqueID" : "8fuekqjldg11gfu", "parentUniqueID" : "8fuekqjldg11ffu", "fields" : [{"id" : {}, "dataType" : "string", "displayType" : "simple", "mandatory" : false, "list" : false, "label" : null, "wsFldId" : "downloadUrl", "wsFldIndex" : 3, "uniqueID" : "8fuekqjldg11hfu", "parentUniqueID" : "8fuekqjldg11gfu"}, {"id" : {}, "dataType" : "string", "displayType" : "simple", "mandatory" : false, "list" : false, "label" : null, "wsFldId" : "fileName", "wsFldIndex" : 4, "uniqueID" : "8fuekqjldg11ifu", "parentUniqueID" : "8fuekqjldg11gfu"}, {"id" : {}, "dataType" : "string", "displayType" : "simple", "mandatory" : false, "list" : false, "label" : null, "wsFldId" : "insertId", "wsFldIndex" : 5, "uniqueID" : "8fuekqjldg11jfu", "parentUniqueID" : "8fuekqjldg11gfu"}, {"id" : {}, "dataType" : "string", "displayType" : "simple", "mandatory" : false, "list" : false, "label" : null, "wsFldId" : "fileId", "wsFldIndex" : 6, "uniqueID" : "8fuekqjldg11kfu", "parentUniqueID" : "8fuekqjldg11gfu"}, {"id" : {}, "dataType" : "string", "displayType" : "simple", "mandatory" : false, "list" : false, "label" : null, "wsFldId" : "applicationId", "wsFldIndex" : 7, "uniqueID" : "8fuekqjldg11lfu", "parentUniqueID" : "8fuekqjldg11gfu"}, {"id" : {}, "dataType" : "string", "displayType" : "simple", "mandatory" : false, "list" : false, "label" : null, "wsFldId" : "downloadUrlSource", "wsFldIndex" : 8, "uniqueID" : "8fuekqjldg11mfu", "parentUniqueID" : "8fuekqjldg11gfu"}]}]}]}]}, "requestParameter" : [{"fieldIndex" : 1, "mappingType" : "string", "paramName" : "rngdInsertId", "paramType" : "string", "parentName" : 0, "uniqueID" : "8fuekqjldg11dfu", "parentUniqueID" : "8fuekqjldg11bfu", "nodeLevel" : 1}, {"fieldIndex" : 2, "mappingType" : "string", "paramName" : "rngdApplicationId", "paramType" : "string", "parentName" : 0, "uniqueID" : "8fuekqjldg11efu", "parentUniqueID" : "8fuekqjldg11bfu", "nodeLevel" : 1}], "responseParameter" : [{"fieldIndex" : 1, "mappingType" : "array", "paramName" : "fileList", "paramType" : "array", "parentName" : 0, "uniqueID" : "8fuekqjldg11ffu", "parentUniqueID" : "8fuekqjldg11cfu", "nodeLevel" : 1}, {"fieldIndex" : 2, "mappingType" : "object", "paramName" : "", "paramType" : "object", "parentName" : 1, "uniqueID" : "8fuekqjldg11gfu", "parentUniqueID" : "8fuekqjldg11ffu", "nodeLevel" : 2}, {"fieldIndex" : 3, "mappingType" : "string", "paramName" : "downloadUrl", "paramType" : "string", "parentName" : 2, "uniqueID" : "8fuekqjldg11hfu", "parentUniqueID" : "8fuekqjldg11gfu", "nodeLevel" : 3}, {"fieldIndex" : 4, "mappingType" : "string", "paramName" : "fileName", "paramType" : "string", "parentName" : 2, "uniqueID" : "8fuekqjldg11ifu", "parentUniqueID" : "8fuekqjldg11gfu", "nodeLevel" : 3}, {"fieldIndex" : 5, "mappingType" : "string", "paramName" : "insertId", "paramType" : "string", "parentName" : 2, "uniqueID" : "8fuekqjldg11jfu", "parentUniqueID" : "8fuekqjldg11gfu", "nodeLevel" : 3}, {"fieldIndex" : 6, "mappingType" : "string", "paramName" : "fileId", "paramType" : "string", "parentName" : 2, "uniqueID" : "8fuekqjldg11kfu", "parentUniqueID" : "8fuekqjldg11gfu", "nodeLevel" : 3}, {"fieldIndex" : 7, "mappingType" : "string", "paramName" : "applicationId", "paramType" : "string", "parentName" : 2, "uniqueID" : "8fuekqjldg11lfu", "parentUniqueID" : "8fuekqjldg11gfu", "nodeLevel" : 3}, {"fieldIndex" : 8, "mappingType" : "string", "paramName" : "downloadUrlSource", "paramType" : "string", "parentName" : 2, "uniqueID" : "8fuekqjldg11mfu", "parentUniqueID" : "8fuekqjldg11gfu", "nodeLevel" : 3}]}