<root err="0">
<query>
<query-code>8fuegjagrfthcfu</query-code>
<query-name>[FORMA]rngd_sample_dl_file_01</query-name>
<query-info/>
<db-source>imart</db-source>
<createdby>tenant</createdby>
<updated>2021/09/24 14:20</updated>
<category>
<id>jp.co.intra_mart.forma</id>
</category>
</query>
<column-list>
<column caption="imfr_icon_imfr_edit_action" column_cd="ccd00001" column_name="imfr_sd_application_id" column_type="1" sort_type="" table_cd="tcd001"/>
<column caption="imfr_icon_imfr_delete_action" column_cd="ccd00002" column_name="imfr_sd_application_id" column_type="1" sort_type="" table_cd="tcd001"/>
<column caption="imfr_icon_imfr_detail_action" column_cd="ccd00003" column_name="imfr_sd_application_id" column_type="1" sort_type="" table_cd="tcd001"/>
<column caption="imfr_icon_imfr_print_action" column_cd="ccd00004" column_name="imfr_sd_application_id" column_type="1" sort_type="" table_cd="tcd001"/>
<column caption="imfr_sd_insert_id" column_cd="ccd00005" column_name="imfr_sd_insert_id" column_type="1" sort_type="" table_cd="tcd001"/>
<column caption="imfr_sd_application_id" column_cd="ccd00006" column_name="imfr_sd_application_id" column_type="1" sort_type="" table_cd="tcd001"/>
<column caption="imfr_sd_application_no" column_cd="ccd00007" column_name="imfr_sd_application_no" column_type="2" sort_type="" table_cd="tcd001"/>
<column caption="imfr_sd_version_no" column_cd="ccd00008" column_name="imfr_sd_version_no" column_type="2" sort_type="" table_cd="tcd001"/>
<column caption="imfr_sd_create_date" column_cd="ccd00009" column_name="imfr_sd_create_date" column_type="4" sort_type="" table_cd="tcd001"/>
<column caption="imfr_sd_create_user_cd" column_cd="ccd00010" column_name="imfr_sd_create_user_cd" column_type="1" sort_type="" table_cd="tcd001"/>
<column caption="imfr_sd_record_date" column_cd="ccd00011" column_name="imfr_sd_record_date" column_type="4" sort_type="" table_cd="tcd001"/>
<column caption="imfr_sd_record_user_cd" column_cd="ccd00012" column_name="imfr_sd_record_user_cd" column_type="1" sort_type="" table_cd="tcd001"/>
<column caption="imfr_sd_preserve_flag" column_cd="ccd00013" column_name="imfr_sd_preserve_flag" column_type="1" sort_type="" table_cd="tcd001"/>
<column caption="imfr_ud_memo" column_cd="ccd00014" column_name="imfr_ud_memo" column_type="1" sort_type="" table_cd="tcd001"/>
</column-list>
<table-list>
<table height="100" table_cd="tcd001" table_name="imfr_ut_rngd_sample_dl_file_01" width="100" x="0" y="0"/>
</table-list>
<line-list/>
<condition-list directwhere="false" orsearch="false"/>
<condition-where/>
</root>
