<root err="0">
<query>
<query-code>8fuegqnc9fu0tfu</query-code>
<query-name>[FORMA]rngd_sample_dl_file_02</query-name>
<query-info/>
<db-source>imart</db-source>
<createdby>tenant</createdby>
<updated>2021/09/25 14:13</updated>
<category>
<id>jp.co.intra_mart.forma</id>
</category>
</query>
<column-list>
<column caption="imfr_icon_imfr_edit_action" column_cd="ccd00001" column_name="imfr_sd_application_id" column_type="1" sort_type="" table_cd="tcd001"/>
<column caption="imfr_ud_applyattribute_c" column_cd="ccd00017" column_name="imfr_ud_applyattribute_c" column_type="1" sort_type="" table_cd="tcd001"/>
<column caption="imfr_ud_applyattribute_s" column_cd="ccd00018" column_name="imfr_ud_applyattribute_s" column_type="1" sort_type="" table_cd="tcd001"/>
<column caption="imfr_ud_applyattribute" column_cd="ccd00019" column_name="imfr_ud_applyattribute" column_type="1" sort_type="" table_cd="tcd001"/>
<column caption="imfr_ud_contextcompanycd" column_cd="ccd00020" column_name="imfr_ud_contextcompanycd" column_type="1" sort_type="" table_cd="tcd001"/>
<column caption="imfr_ud_contextdeptsetcd" column_cd="ccd00021" column_name="imfr_ud_contextdeptsetcd" column_type="1" sort_type="" table_cd="tcd001"/>
<column caption="imfr_ud_contextdeptcd" column_cd="ccd00022" column_name="imfr_ud_contextdeptcd" column_type="1" sort_type="" table_cd="tcd001"/>
<column caption="imfr_ud_my_radio_button" column_cd="ccd00023" column_name="imfr_ud_my_radio_button" column_type="1" sort_type="" table_cd="tcd001"/>
<column caption="imfr_ud_mattername" column_cd="ccd00024" column_name="imfr_ud_mattername" column_type="1" sort_type="" table_cd="tcd001"/>
<column caption="imfr_icon_imfr_delete_action" column_cd="ccd00002" column_name="imfr_sd_application_id" column_type="1" sort_type="" table_cd="tcd001"/>
<column caption="imfr_icon_imfr_detail_action" column_cd="ccd00003" column_name="imfr_sd_application_id" column_type="1" sort_type="" table_cd="tcd001"/>
<column caption="imfr_icon_imfr_print_action" column_cd="ccd00004" column_name="imfr_sd_application_id" column_type="1" sort_type="" table_cd="tcd001"/>
<column caption="imfr_sd_insert_id" column_cd="ccd00005" column_name="imfr_sd_insert_id" column_type="1" sort_type="" table_cd="tcd001"/>
<column caption="imfr_sd_application_id" column_cd="ccd00006" column_name="imfr_sd_application_id" column_type="1" sort_type="" table_cd="tcd001"/>
<column caption="imfr_sd_application_no" column_cd="ccd00007" column_name="imfr_sd_application_no" column_type="2" sort_type="" table_cd="tcd001"/>
<column caption="imfr_sd_version_no" column_cd="ccd00008" column_name="imfr_sd_version_no" column_type="2" sort_type="" table_cd="tcd001"/>
<column caption="imfr_sd_create_date" column_cd="ccd00009" column_name="imfr_sd_create_date" column_type="4" sort_type="" table_cd="tcd001"/>
<column caption="imfr_sd_create_user_cd" column_cd="ccd00010" column_name="imfr_sd_create_user_cd" column_type="1" sort_type="" table_cd="tcd001"/>
<column caption="imfr_sd_record_date" column_cd="ccd00011" column_name="imfr_sd_record_date" column_type="4" sort_type="" table_cd="tcd001"/>
<column caption="imfr_sd_record_user_cd" column_cd="ccd00012" column_name="imfr_sd_record_user_cd" column_type="1" sort_type="" table_cd="tcd001"/>
<column caption="imfr_sd_preserve_flag" column_cd="ccd00013" column_name="imfr_sd_preserve_flag" column_type="1" sort_type="" table_cd="tcd001"/>
<column caption="imfr_ud_itemselect1" column_cd="ccd00014" column_name="imfr_ud_itemselect1" column_type="1" sort_type="" table_cd="tcd001"/>
<column caption="imfr_ud_param_appid" column_cd="ccd00015" column_name="imfr_ud_param_appid" column_type="1" sort_type="" table_cd="tcd001"/>
<column caption="imfr_ud_param_insertid" column_cd="ccd00016" column_name="imfr_ud_param_insertid" column_type="1" sort_type="" table_cd="tcd001"/>
</column-list>
<table-list>
<table height="100" table_cd="tcd001" table_name="imfr_ut_rngd_sample_dl_file_02" width="100" x="0" y="0"/>
</table-list>
<line-list/>
<condition-list directwhere="false" orsearch="false"/>
<condition-where/>
</root>
