{"flowCategories":[{"categoryId":"rngd_sample_02","categoryName":"rngd_sample_02","sortNumber":0,"localizes":{"zh_CN":{"locale":"zh_CN","categoryName":"rngd_sample_02"},"en":{"locale":"en","categoryName":"rngd_sample_02"},"ja":{"locale":"ja","categoryName":"rngd_sample_02"}},"displayName":"rngd_sample_02"}],"flowDefinitions":["{\"flowId\":\"rngd_sample_flow_get_app_file_download_url\",\"version\":1,\"categoryId\":\"rngd_sample_02\",\"flowName\":\"【Sample-rinne-grid】ファイルダウンロードURL取得フロー\",\"localizes\":{\"ja\":{\"locale\":\"ja\",\"flowName\":\"【Sample-rinne-grid】ファイルダウンロードURL取得フロー\"},\"en\":{\"locale\":\"en\",\"flowName\":\"【Sample-rinne-grid】ファイルダウンロードURL取得フロー\"},\"zh_CN\":{\"locale\":\"zh_CN\",\"flowName\":\"【Sample-rinne-grid】ファイルダウンロードURL取得フロー\"}},\"notes\":\"\",\"transaction\":true,\"constants\":[],\"variablesDataDefinition\":{\"entrypoint\":{\"typeId\":\"root\",\"basic\":false,\"required\":false,\"listingType\":\"none\"},\"typeDefinitions\":[{\"id\":\"root\",\"properties\":[{\"typeId\":\"im_logic_object_1\",\"name\":\"fileObj\",\"description\":\"\",\"listingType\":\"none\",\"required\":false,\"basic\":false},{\"typeId\":\"im_logic_object_2\",\"name\":\"fileObjList\",\"description\":\"\",\"listingType\":\"list\",\"required\":false,\"basic\":false}]},{\"id\":\"im_logic_object_1\",\"properties\":[{\"typeId\":\"string\",\"name\":\"downloadUrl\",\"description\":\"\",\"listingType\":\"none\",\"required\":false,\"basic\":true},{\"typeId\":\"string\",\"name\":\"fileName\",\"description\":\"\",\"listingType\":\"none\",\"required\":false,\"basic\":true},{\"typeId\":\"string\",\"name\":\"insertId\",\"description\":\"\",\"listingType\":\"none\",\"required\":false,\"basic\":true},{\"typeId\":\"string\",\"name\":\"fileId\",\"description\":\"\",\"listingType\":\"none\",\"required\":false,\"basic\":true},{\"typeId\":\"string\",\"name\":\"applicationId\",\"description\":\"\",\"listingType\":\"none\",\"required\":false,\"basic\":true},{\"typeId\":\"string\",\"name\":\"downloadUrlSource\",\"description\":\"\",\"listingType\":\"none\",\"required\":false,\"basic\":true}]},{\"id\":\"im_logic_object_2\",\"properties\":[{\"typeId\":\"string\",\"name\":\"downloadUrl\",\"description\":\"\",\"listingType\":\"none\",\"required\":false,\"basic\":true},{\"typeId\":\"string\",\"name\":\"fileName\",\"description\":\"\",\"listingType\":\"none\",\"required\":false,\"basic\":true},{\"typeId\":\"string\",\"name\":\"insertId\",\"description\":\"\",\"listingType\":\"none\",\"required\":false,\"basic\":true},{\"typeId\":\"string\",\"name\":\"fileId\",\"description\":\"\",\"listingType\":\"none\",\"required\":false,\"basic\":true},{\"typeId\":\"string\",\"name\":\"applicationId\",\"description\":\"\",\"listingType\":\"none\",\"required\":false,\"basic\":true},{\"typeId\":\"string\",\"name\":\"downloadUrlSource\",\"description\":\"\",\"listingType\":\"none\",\"required\":false,\"basic\":true}]},{\"id\":\"string\",\"properties\":[]}]},\"flowElements\":[{\"executeId\":\"im_start\",\"alias\":null,\"key\":{\"type\":\"application\",\"id\":\"im_start\",\"version\":null},\"label\":\"開始\",\"comment\":\"\",\"properties\":{},\"mappingDefinition\":{\"mappingRules\":[]}},{\"executeId\":\"im_endLoop1\",\"alias\":null,\"key\":{\"type\":\"application\",\"id\":\"im_endLoop\",\"version\":null},\"label\":\"繰り返し終了\",\"comment\":\"\",\"properties\":{\"startPoint\":\"im_startLoop1\"},\"mappingDefinition\":{\"mappingRules\":[]}},{\"executeId\":\"rngd_sample_sql_get_imfr_t_file1\",\"alias\":null,\"key\":{\"type\":\"userDefinition\",\"id\":\"rngd_sample_sql_get_imfr_t_file\",\"version\":null},\"label\":\"【Sample-rinne-grid】[sql]IMFRファイル情報取得\",\"comment\":\"\",\"properties\":{\"continueOnError\":false},\"mappingDefinition\":{\"mappingRules\":[{\"id\":\"a5cc050c-8983-43fa-adb8-04af0d260e9f\",\"target\":\"rngd_sample_sql_get_imfr_t_file1/insertId\",\"source\":{\"type\":\"value\",\"name\":null,\"path\":\"$input/rngdInsertId\",\"arguments\":null}},{\"id\":\"c54468c4-f177-48dc-be3f-6a9b2353dbba\",\"target\":\"rngd_sample_sql_get_imfr_t_file1/applicationId\",\"source\":{\"type\":\"value\",\"name\":null,\"path\":\"$input/rngdApplicationId\",\"arguments\":null}}]}},{\"executeId\":\"im_startLoop1\",\"alias\":null,\"key\":{\"type\":\"application\",\"id\":\"im_startLoop\",\"version\":null},\"label\":\"繰り返し開始\",\"comment\":\"\",\"properties\":{\"loopItem\":\"rngd_sample_sql_get_imfr_t_file1/records\",\"endPoint\":\"im_endLoop1\"},\"mappingDefinition\":{\"mappingRules\":[]}},{\"executeId\":\"im_end1\",\"alias\":null,\"key\":{\"type\":\"application\",\"id\":\"im_end\",\"version\":null},\"label\":\"終了\",\"comment\":\"\",\"properties\":{},\"mappingDefinition\":{\"mappingRules\":[{\"id\":\"79e79f8d-5ed2-4bde-a03d-a5616e050145\",\"target\":\"$output/fileList\",\"source\":{\"type\":\"value\",\"name\":null,\"path\":\"$variable/fileObjList\",\"arguments\":null}}]}},{\"executeId\":\"im_variable_push_file_obj_list\",\"alias\":null,\"key\":{\"type\":\"application\",\"id\":\"im_variableOperation\",\"version\":null},\"label\":\"変数操作：ファイルオブジェクト追加\",\"comment\":\"\",\"properties\":{\"continueOnError\":false},\"mappingDefinition\":{\"mappingRules\":[{\"id\":\"64d93ceb-11eb-48bd-acc7-83edb75b4a1c\",\"target\":\"$variable/fileObjList\",\"source\":{\"type\":\"function\",\"name\":\"im_array_push\",\"path\":null,\"arguments\":[{\"type\":\"value\",\"name\":null,\"path\":\"$variable/fileObjList\",\"arguments\":null},{\"type\":\"value\",\"name\":null,\"path\":\"$variable/fileObj\",\"arguments\":null}]}}]}},{\"executeId\":\"rngd_sample_js_get_download_file_url1\",\"alias\":null,\"key\":{\"type\":\"userDefinition\",\"id\":\"rngd_sample_js_get_download_file_url\",\"version\":null},\"label\":\"【Sample-rinne-grid】ファイル取得用URL生成\",\"comment\":\"\",\"properties\":{\"continueOnError\":false},\"mappingDefinition\":{\"mappingRules\":[{\"id\":\"c584e331-c4e1-4465-9b3c-8f6d59b88fc7\",\"target\":\"rngd_sample_js_get_download_file_url1/fileId\",\"source\":{\"type\":\"value\",\"name\":null,\"path\":\"im_startLoop1/item/file_id\",\"arguments\":null}},{\"id\":\"ad315b5e-5c59-413f-9ebb-0c51d3ffcb26\",\"target\":\"rngd_sample_js_get_download_file_url1/uploadItemId\",\"source\":{\"type\":\"value\",\"name\":null,\"path\":\"im_startLoop1/item/item_id\",\"arguments\":null}},{\"id\":\"2ec50e82-46a9-4da0-b7c4-e0273ca5dfc7\",\"target\":\"rngd_sample_js_get_download_file_url1/applicationId\",\"source\":{\"type\":\"value\",\"name\":null,\"path\":\"im_startLoop1/item/application_id\",\"arguments\":null}},{\"id\":\"3b208160-051e-4edc-9e42-ba36bf07abb9\",\"target\":\"rngd_sample_js_get_download_file_url1/fileName\",\"source\":{\"type\":\"value\",\"name\":null,\"path\":\"im_startLoop1/item/file_name\",\"arguments\":null}}]}},{\"executeId\":\"im_variable_set_file_obj\",\"alias\":null,\"key\":{\"type\":\"application\",\"id\":\"im_variableOperation\",\"version\":null},\"label\":\"変数操作：ファイルオブジェクト設定\",\"comment\":\"\",\"properties\":{\"continueOnError\":false},\"mappingDefinition\":{\"mappingRules\":[{\"id\":\"fac175c1-f12d-42bc-8aac-9377fe9a5d01\",\"target\":\"$variable/fileObj/fileName\",\"source\":{\"type\":\"value\",\"name\":null,\"path\":\"im_startLoop1/item/file_name\",\"arguments\":null}},{\"id\":\"33a81479-b1a4-468a-ae5d-3171c2d3a6e3\",\"target\":\"$variable/fileObj/insertId\",\"source\":{\"type\":\"value\",\"name\":null,\"path\":\"im_startLoop1/item/insert_id\",\"arguments\":null}},{\"id\":\"20f64d4b-24df-4712-b398-2be7adb2fa6c\",\"target\":\"$variable/fileObj/fileId\",\"source\":{\"type\":\"value\",\"name\":null,\"path\":\"im_startLoop1/item/file_id\",\"arguments\":null}},{\"id\":\"32c6940d-4080-4b02-826b-576abba215ae\",\"target\":\"$variable/fileObj/applicationId\",\"source\":{\"type\":\"value\",\"name\":null,\"path\":\"im_startLoop1/item/application_id\",\"arguments\":null}},{\"id\":\"635034b4-4f5a-44b8-9741-a24dc218e9f9\",\"target\":\"$variable/fileObj/downloadUrlSource\",\"source\":{\"type\":\"value\",\"name\":null,\"path\":\"rngd_sample_js_get_download_file_url1/downloadUrlSource\",\"arguments\":null}},{\"id\":\"60b30e91-c035-403a-ad85-b751fd77b03d\",\"target\":\"$variable/fileObj/downloadUrl\",\"source\":{\"type\":\"value\",\"name\":null,\"path\":\"rngd_sample_js_get_download_file_url1/downloadUrl\",\"arguments\":null}}]}},{\"executeId\":\"im_start_rngd_sample_sql_get_imfr_t_file1\",\"alias\":null,\"key\":{\"type\":\"application\",\"id\":\"im_sequence\",\"version\":null},\"label\":null,\"comment\":null,\"properties\":{\"startPoint\":\"im_start\",\"endPoint\":\"rngd_sample_sql_get_imfr_t_file1\"},\"mappingDefinition\":null},{\"executeId\":\"rngd_sample_sql_get_imfr_t_file1_im_startLoop1\",\"alias\":null,\"key\":{\"type\":\"application\",\"id\":\"im_sequence\",\"version\":null},\"label\":null,\"comment\":null,\"properties\":{\"startPoint\":\"rngd_sample_sql_get_imfr_t_file1\",\"endPoint\":\"im_startLoop1\"},\"mappingDefinition\":null},{\"executeId\":\"im_endLoop1_im_end1\",\"alias\":null,\"key\":{\"type\":\"application\",\"id\":\"im_sequence\",\"version\":null},\"label\":null,\"comment\":null,\"properties\":{\"startPoint\":\"im_endLoop1\",\"endPoint\":\"im_end1\"},\"mappingDefinition\":null},{\"executeId\":\"im_variable_push_file_obj_list_im_endLoop1\",\"alias\":null,\"key\":{\"type\":\"application\",\"id\":\"im_sequence\",\"version\":null},\"label\":null,\"comment\":null,\"properties\":{\"startPoint\":\"im_variable_push_file_obj_list\",\"endPoint\":\"im_endLoop1\"},\"mappingDefinition\":null},{\"executeId\":\"im_startLoop1_rngd_sample_js_get_download_file_url1\",\"alias\":null,\"key\":{\"type\":\"application\",\"id\":\"im_sequence\",\"version\":null},\"label\":null,\"comment\":null,\"properties\":{\"startPoint\":\"im_startLoop1\",\"endPoint\":\"rngd_sample_js_get_download_file_url1\"},\"mappingDefinition\":null},{\"executeId\":\"im_variable_set_file_obj_im_variable_push_file_obj_list\",\"alias\":null,\"key\":{\"type\":\"application\",\"id\":\"im_sequence\",\"version\":null},\"label\":null,\"comment\":null,\"properties\":{\"startPoint\":\"im_variable_set_file_obj\",\"endPoint\":\"im_variable_push_file_obj_list\"},\"mappingDefinition\":null},{\"executeId\":\"rngd_sample_js_get_download_file_url1_im_variable_set_file_obj\",\"alias\":null,\"key\":{\"type\":\"application\",\"id\":\"im_sequence\",\"version\":null},\"label\":null,\"comment\":null,\"properties\":{\"startPoint\":\"rngd_sample_js_get_download_file_url1\",\"endPoint\":\"im_variable_set_file_obj\"},\"mappingDefinition\":null}],\"inputDataDefinition\":{\"entrypoint\":{\"typeId\":\"root\",\"basic\":false,\"required\":false,\"listingType\":\"none\"},\"typeDefinitions\":[{\"id\":\"root\",\"properties\":[{\"typeId\":\"string\",\"name\":\"rngdInsertId\",\"description\":null,\"listingType\":\"none\",\"required\":false,\"basic\":true},{\"typeId\":\"string\",\"name\":\"rngdApplicationId\",\"description\":null,\"listingType\":\"none\",\"required\":false,\"basic\":true}]},{\"id\":\"string\",\"properties\":[]}]},\"outputDataDefinition\":{\"entrypoint\":{\"typeId\":\"root\",\"basic\":false,\"required\":false,\"listingType\":\"none\"},\"typeDefinitions\":[{\"id\":\"root\",\"properties\":[{\"typeId\":\"im_logic_object_1\",\"name\":\"fileList\",\"description\":null,\"listingType\":\"list\",\"required\":false,\"basic\":false}]},{\"id\":\"im_logic_object_1\",\"properties\":[{\"typeId\":\"string\",\"name\":\"downloadUrl\",\"description\":null,\"listingType\":\"none\",\"required\":false,\"basic\":true},{\"typeId\":\"string\",\"name\":\"fileName\",\"description\":null,\"listingType\":\"none\",\"required\":false,\"basic\":true},{\"typeId\":\"string\",\"name\":\"insertId\",\"description\":null,\"listingType\":\"none\",\"required\":false,\"basic\":true},{\"typeId\":\"string\",\"name\":\"fileId\",\"description\":null,\"listingType\":\"none\",\"required\":false,\"basic\":true},{\"typeId\":\"string\",\"name\":\"applicationId\",\"description\":null,\"listingType\":\"none\",\"required\":false,\"basic\":true},{\"typeId\":\"string\",\"name\":\"downloadUrlSource\",\"description\":null,\"listingType\":\"none\",\"required\":false,\"basic\":true}]},{\"id\":\"string\",\"properties\":[]}]},\"additional\":{\"ui\":\"{\\\"version\\\":2,\\\"graph\\\":{\\\"cells\\\":[{\\\"type\\\":\\\"devs.StartModel\\\",\\\"size\\\":{\\\"width\\\":200,\\\"height\\\":50},\\\"inPorts\\\":[\\\"in\\\"],\\\"outPorts\\\":[\\\"out\\\"],\\\"position\\\":{\\\"x\\\":50,\\\"y\\\":50},\\\"id\\\":\\\"2238ef53-ed81-4e87-908d-78e5ea6ba884\\\",\\\"z\\\":1,\\\"attrs\\\":{\\\"rect.title\\\":{\\\"width\\\":150},\\\"text.title\\\":{\\\"text\\\":\\\"im_start\\\"},\\\"text.label\\\":{\\\"text\\\":\\\"開始\\\"},\\\".inPorts>.port0>.port-label\\\":{\\\"text\\\":\\\"in\\\"},\\\".inPorts>.port0>.port-body\\\":{\\\"port\\\":{\\\"id\\\":\\\"in\\\",\\\"type\\\":\\\"in\\\"}},\\\".outPorts>.port0>.port-label\\\":{\\\"text\\\":\\\"out\\\"},\\\".outPorts>.port0>.port-body\\\":{\\\"port\\\":{\\\"id\\\":\\\"out\\\",\\\"type\\\":\\\"out\\\"}}}},{\\\"type\\\":\\\"devs.LoopEndModel\\\",\\\"size\\\":{\\\"width\\\":200,\\\"height\\\":50},\\\"inPorts\\\":[\\\"in\\\"],\\\"outPorts\\\":[\\\"out\\\"],\\\"position\\\":{\\\"x\\\":180,\\\"y\\\":1030},\\\"id\\\":\\\"7a99aa83-2f1a-4edb-a3bc-092132f294c5\\\",\\\"z\\\":56,\\\"attrs\\\":{\\\"text.title\\\":{\\\"text\\\":\\\"im_endLoop1\\\"},\\\"text.label\\\":{\\\"text\\\":\\\"繰り返し終了\\\"},\\\".inPorts>.port0>.port-label\\\":{\\\"text\\\":\\\"in\\\"},\\\".inPorts>.port0>.port-body\\\":{\\\"port\\\":{\\\"id\\\":\\\"in\\\",\\\"type\\\":\\\"in\\\"}},\\\".outPorts>.port0>.port-label\\\":{\\\"text\\\":\\\"out\\\"},\\\".outPorts>.port0>.port-body\\\":{\\\"port\\\":{\\\"id\\\":\\\"out\\\",\\\"type\\\":\\\"out\\\"}}}},{\\\"type\\\":\\\"devs.ProcModel\\\",\\\"size\\\":{\\\"width\\\":400,\\\"height\\\":50},\\\"inPorts\\\":[\\\"in\\\"],\\\"outPorts\\\":[\\\"out\\\"],\\\"position\\\":{\\\"x\\\":80,\\\"y\\\":240},\\\"id\\\":\\\"24cb61df-3b67-4e96-9f01-49d3f802036f\\\",\\\"z\\\":65,\\\"attrs\\\":{\\\"rect.body\\\":{\\\"width\\\":400},\\\"rect.title\\\":{\\\"width\\\":350},\\\"rect.label\\\":{\\\"width\\\":350},\\\"text.title\\\":{\\\"text\\\":\\\"rngd_sample_sql_get_imfr_t_file1\\\"},\\\"text.label\\\":{\\\"text\\\":\\\"【Sample-rinne-grid】[sql]IMFRファイル情報取得\\\"},\\\".inPorts>.port0>.port-label\\\":{\\\"text\\\":\\\"in\\\"},\\\".inPorts>.port0>.port-body\\\":{\\\"port\\\":{\\\"id\\\":\\\"in\\\",\\\"type\\\":\\\"in\\\"}},\\\".outPorts>.port0>.port-label\\\":{\\\"text\\\":\\\"out\\\"},\\\".outPorts>.port0>.port-body\\\":{\\\"port\\\":{\\\"id\\\":\\\"out\\\",\\\"type\\\":\\\"out\\\"}}}},{\\\"type\\\":\\\"link\\\",\\\"source\\\":{\\\"id\\\":\\\"2238ef53-ed81-4e87-908d-78e5ea6ba884\\\",\\\"port\\\":\\\"out\\\"},\\\"target\\\":{\\\"id\\\":\\\"24cb61df-3b67-4e96-9f01-49d3f802036f\\\",\\\"port\\\":\\\"in\\\"},\\\"id\\\":\\\"ce14bab7-45fb-4f08-8192-5031cf73ac76\\\",\\\"z\\\":66,\\\"attrs\\\":{\\\".link-tools>.link-tool>.tool-remove\\\":{\\\"display\\\":\\\"\\\"}}},{\\\"type\\\":\\\"devs.LoopStartModel\\\",\\\"size\\\":{\\\"width\\\":200,\\\"height\\\":50},\\\"inPorts\\\":[\\\"in\\\"],\\\"outPorts\\\":[\\\"out\\\"],\\\"position\\\":{\\\"x\\\":180,\\\"y\\\":410},\\\"id\\\":\\\"95b9f2a2-d573-4ec5-9ca4-e7099e67794b\\\",\\\"z\\\":68,\\\"attrs\\\":{\\\"text.title\\\":{\\\"text\\\":\\\"im_startLoop1\\\"},\\\"text.label\\\":{\\\"text\\\":\\\"繰り返し開始\\\"},\\\".inPorts>.port0>.port-label\\\":{\\\"text\\\":\\\"in\\\"},\\\".inPorts>.port0>.port-body\\\":{\\\"port\\\":{\\\"id\\\":\\\"in\\\",\\\"type\\\":\\\"in\\\"}},\\\".outPorts>.port0>.port-label\\\":{\\\"text\\\":\\\"out\\\"},\\\".outPorts>.port0>.port-body\\\":{\\\"port\\\":{\\\"id\\\":\\\"out\\\",\\\"type\\\":\\\"out\\\"}}}},{\\\"type\\\":\\\"link\\\",\\\"source\\\":{\\\"id\\\":\\\"24cb61df-3b67-4e96-9f01-49d3f802036f\\\",\\\"port\\\":\\\"out\\\"},\\\"target\\\":{\\\"id\\\":\\\"95b9f2a2-d573-4ec5-9ca4-e7099e67794b\\\",\\\"port\\\":\\\"in\\\"},\\\"id\\\":\\\"7131c542-fa0a-4c94-ae9e-65b9871821d7\\\",\\\"z\\\":70,\\\"attrs\\\":{\\\".link-tools>.link-tool>.tool-remove\\\":{\\\"display\\\":\\\"\\\"}}},{\\\"type\\\":\\\"devs.EndModel\\\",\\\"size\\\":{\\\"width\\\":200,\\\"height\\\":50},\\\"inPorts\\\":[\\\"in\\\"],\\\"outPorts\\\":[\\\"out\\\"],\\\"position\\\":{\\\"x\\\":80,\\\"y\\\":1240},\\\"id\\\":\\\"d6a2c461-7f3f-4a9d-8dde-8e571d1ebee5\\\",\\\"z\\\":83,\\\"attrs\\\":{\\\"rect.title\\\":{\\\"width\\\":150},\\\"text.title\\\":{\\\"text\\\":\\\"im_end1\\\"},\\\"text.label\\\":{\\\"text\\\":\\\"終了\\\"},\\\".inPorts>.port0>.port-label\\\":{\\\"text\\\":\\\"in\\\"},\\\".inPorts>.port0>.port-body\\\":{\\\"port\\\":{\\\"id\\\":\\\"in\\\",\\\"type\\\":\\\"in\\\"}},\\\".outPorts>.port0>.port-label\\\":{\\\"text\\\":\\\"out\\\"},\\\".outPorts>.port0>.port-body\\\":{\\\"port\\\":{\\\"id\\\":\\\"out\\\",\\\"type\\\":\\\"out\\\"}}}},{\\\"type\\\":\\\"link\\\",\\\"source\\\":{\\\"id\\\":\\\"7a99aa83-2f1a-4edb-a3bc-092132f294c5\\\",\\\"port\\\":\\\"out\\\"},\\\"target\\\":{\\\"id\\\":\\\"d6a2c461-7f3f-4a9d-8dde-8e571d1ebee5\\\",\\\"port\\\":\\\"in\\\"},\\\"id\\\":\\\"76fc995d-a18b-420b-a6e0-14ee4108588b\\\",\\\"z\\\":84,\\\"attrs\\\":{\\\".link-tools>.link-tool>.tool-remove\\\":{\\\"display\\\":\\\"\\\"}}},{\\\"type\\\":\\\"devs.ProcModel\\\",\\\"size\\\":{\\\"width\\\":320,\\\"height\\\":50},\\\"inPorts\\\":[\\\"in\\\"],\\\"outPorts\\\":[\\\"out\\\"],\\\"position\\\":{\\\"x\\\":120,\\\"y\\\":880},\\\"id\\\":\\\"9c685e19-c6af-4f57-a336-9a6c1143c39e\\\",\\\"z\\\":94,\\\"attrs\\\":{\\\"rect.body\\\":{\\\"width\\\":320},\\\"rect.title\\\":{\\\"width\\\":270},\\\"rect.label\\\":{\\\"width\\\":270},\\\"text.title\\\":{\\\"text\\\":\\\"im_variable_push_file_obj_list\\\"},\\\"text.label\\\":{\\\"text\\\":\\\"変数操作：ファイルオブジェクト追加\\\"},\\\".inPorts>.port0>.port-label\\\":{\\\"text\\\":\\\"in\\\"},\\\".inPorts>.port0>.port-body\\\":{\\\"port\\\":{\\\"id\\\":\\\"in\\\",\\\"type\\\":\\\"in\\\"}},\\\".outPorts>.port0>.port-label\\\":{\\\"text\\\":\\\"out\\\"},\\\".outPorts>.port0>.port-body\\\":{\\\"port\\\":{\\\"id\\\":\\\"out\\\",\\\"type\\\":\\\"out\\\"}}}},{\\\"type\\\":\\\"link\\\",\\\"source\\\":{\\\"id\\\":\\\"9c685e19-c6af-4f57-a336-9a6c1143c39e\\\",\\\"port\\\":\\\"out\\\"},\\\"target\\\":{\\\"id\\\":\\\"7a99aa83-2f1a-4edb-a3bc-092132f294c5\\\",\\\"port\\\":\\\"in\\\"},\\\"id\\\":\\\"1a5c2fd9-b9da-48af-a334-a61359221a75\\\",\\\"z\\\":95,\\\"attrs\\\":{\\\".link-tools>.link-tool>.tool-remove\\\":{\\\"display\\\":\\\"\\\"}}},{\\\"type\\\":\\\"devs.ProcModel\\\",\\\"size\\\":{\\\"width\\\":360,\\\"height\\\":50},\\\"inPorts\\\":[\\\"in\\\"],\\\"outPorts\\\":[\\\"out\\\"],\\\"position\\\":{\\\"x\\\":100,\\\"y\\\":560},\\\"id\\\":\\\"39f15427-d510-42f8-bed8-ded2749c3062\\\",\\\"z\\\":100,\\\"attrs\\\":{\\\"rect.body\\\":{\\\"width\\\":360},\\\"rect.title\\\":{\\\"width\\\":310},\\\"rect.label\\\":{\\\"width\\\":310},\\\"text.title\\\":{\\\"text\\\":\\\"rngd_sample_js_get_download_file_url1\\\"},\\\"text.label\\\":{\\\"text\\\":\\\"【Sample-rinne-grid】ファイル取得用URL生成\\\"},\\\".inPorts>.port0>.port-label\\\":{\\\"text\\\":\\\"in\\\"},\\\".inPorts>.port0>.port-body\\\":{\\\"port\\\":{\\\"id\\\":\\\"in\\\",\\\"type\\\":\\\"in\\\"}},\\\".outPorts>.port0>.port-label\\\":{\\\"text\\\":\\\"out\\\"},\\\".outPorts>.port0>.port-body\\\":{\\\"port\\\":{\\\"id\\\":\\\"out\\\",\\\"type\\\":\\\"out\\\"}}}},{\\\"type\\\":\\\"link\\\",\\\"source\\\":{\\\"id\\\":\\\"95b9f2a2-d573-4ec5-9ca4-e7099e67794b\\\",\\\"port\\\":\\\"out\\\"},\\\"target\\\":{\\\"id\\\":\\\"39f15427-d510-42f8-bed8-ded2749c3062\\\",\\\"port\\\":\\\"in\\\"},\\\"id\\\":\\\"1a92f4b3-47d1-49d5-b41d-325d9b159fdf\\\",\\\"z\\\":101,\\\"attrs\\\":{\\\".link-tools>.link-tool>.tool-remove\\\":{\\\"display\\\":\\\"\\\"}}},{\\\"type\\\":\\\"devs.ProcModel\\\",\\\"size\\\":{\\\"width\\\":320,\\\"height\\\":50},\\\"inPorts\\\":[\\\"in\\\"],\\\"outPorts\\\":[\\\"out\\\"],\\\"position\\\":{\\\"x\\\":120,\\\"y\\\":720},\\\"id\\\":\\\"76d142ac-05c6-4cae-a00f-5fae864d9983\\\",\\\"z\\\":103,\\\"attrs\\\":{\\\"rect.body\\\":{\\\"width\\\":320},\\\"rect.title\\\":{\\\"width\\\":270},\\\"rect.label\\\":{\\\"width\\\":270},\\\"text.title\\\":{\\\"text\\\":\\\"im_variable_set_file_obj\\\"},\\\"text.label\\\":{\\\"text\\\":\\\"変数操作：ファイルオブジェクト設定\\\"},\\\".inPorts>.port0>.port-label\\\":{\\\"text\\\":\\\"in\\\"},\\\".inPorts>.port0>.port-body\\\":{\\\"port\\\":{\\\"id\\\":\\\"in\\\",\\\"type\\\":\\\"in\\\"}},\\\".outPorts>.port0>.port-label\\\":{\\\"text\\\":\\\"out\\\"},\\\".outPorts>.port0>.port-body\\\":{\\\"port\\\":{\\\"id\\\":\\\"out\\\",\\\"type\\\":\\\"out\\\"}}}},{\\\"type\\\":\\\"link\\\",\\\"source\\\":{\\\"id\\\":\\\"76d142ac-05c6-4cae-a00f-5fae864d9983\\\",\\\"port\\\":\\\"out\\\"},\\\"target\\\":{\\\"id\\\":\\\"9c685e19-c6af-4f57-a336-9a6c1143c39e\\\",\\\"port\\\":\\\"in\\\"},\\\"id\\\":\\\"5a20142a-9b50-4139-8c45-b070a9710a60\\\",\\\"z\\\":104,\\\"attrs\\\":{\\\".link-tools>.link-tool>.tool-remove\\\":{\\\"display\\\":\\\"\\\"}}},{\\\"type\\\":\\\"link\\\",\\\"source\\\":{\\\"id\\\":\\\"39f15427-d510-42f8-bed8-ded2749c3062\\\",\\\"port\\\":\\\"out\\\"},\\\"target\\\":{\\\"id\\\":\\\"76d142ac-05c6-4cae-a00f-5fae864d9983\\\",\\\"port\\\":\\\"in\\\"},\\\"id\\\":\\\"f6cef1af-4e33-4e7f-a617-e394ab0103b3\\\",\\\"z\\\":105,\\\"attrs\\\":{\\\".link-tools>.link-tool>.tool-remove\\\":{\\\"display\\\":\\\"\\\"}}}]},\\\"dataMap\\\":{\\\"2238ef53-ed81-4e87-908d-78e5ea6ba884\\\":{\\\"metadata\\\":{\\\"key\\\":{\\\"type\\\":\\\"application\\\",\\\"id\\\":\\\"im_start\\\"},\\\"elementProperties\\\":[{\\\"propertyName\\\":\\\"executeId\\\",\\\"enable\\\":true,\\\"required\\\":true,\\\"array\\\":false,\\\"label\\\":\\\"executeId\\\",\\\"options\\\":[]},{\\\"propertyName\\\":\\\"alias\\\",\\\"enable\\\":true,\\\"required\\\":false,\\\"array\\\":false,\\\"label\\\":\\\"alias\\\",\\\"options\\\":[]}],\\\"inputDataDefinition\\\":null,\\\"outputDataDefinition\\\":null},\\\"common\\\":{\\\"executeId\\\":\\\"im_start\\\",\\\"alias\\\":\\\"im_start\\\",\\\"label\\\":\\\"開始\\\",\\\"comment\\\":\\\"\\\"},\\\"typical\\\":{},\\\"mapping\\\":{\\\"inputKeys\\\":[\\\"$input\\\",\\\"$variable\\\",\\\"$const\\\"],\\\"additionalKeys\\\":[],\\\"json\\\":{}}},\\\"7a99aa83-2f1a-4edb-a3bc-092132f294c5\\\":{\\\"metadata\\\":{\\\"key\\\":{\\\"type\\\":\\\"application\\\",\\\"id\\\":\\\"im_endLoop\\\"},\\\"pairElementKey\\\":{\\\"type\\\":\\\"application\\\",\\\"id\\\":\\\"im_startLoop\\\"},\\\"elementProperties\\\":[{\\\"propertyName\\\":\\\"executeId\\\",\\\"enable\\\":true,\\\"required\\\":true,\\\"array\\\":false,\\\"label\\\":\\\"executeId\\\",\\\"options\\\":[]},{\\\"propertyName\\\":\\\"alias\\\",\\\"enable\\\":true,\\\"required\\\":false,\\\"array\\\":false,\\\"label\\\":\\\"alias\\\",\\\"options\\\":[]},{\\\"propertyName\\\":\\\"startPoint\\\",\\\"enable\\\":false,\\\"required\\\":false,\\\"array\\\":false,\\\"label\\\":\\\"startPoint\\\",\\\"options\\\":[]}],\\\"inputDataDefinition\\\":null,\\\"outputDataDefinition\\\":null},\\\"common\\\":{\\\"executeId\\\":\\\"im_endLoop1\\\",\\\"alias\\\":\\\"im_endLoop1\\\",\\\"label\\\":\\\"繰り返し終了\\\",\\\"comment\\\":\\\"\\\"},\\\"typical\\\":{},\\\"mapping\\\":{\\\"inputKeys\\\":[\\\"$input\\\",\\\"$variable\\\",\\\"$const\\\"],\\\"additionalKeys\\\":[],\\\"json\\\":{}}},\\\"24cb61df-3b67-4e96-9f01-49d3f802036f\\\":{\\\"metadata\\\":{\\\"key\\\":{\\\"type\\\":\\\"userDefinition\\\",\\\"id\\\":\\\"rngd_sample_sql_get_imfr_t_file\\\"},\\\"elementProperties\\\":[{\\\"propertyName\\\":\\\"executeId\\\",\\\"enable\\\":true,\\\"required\\\":true,\\\"array\\\":false,\\\"label\\\":\\\"executeId\\\",\\\"options\\\":[]},{\\\"propertyName\\\":\\\"alias\\\",\\\"enable\\\":true,\\\"required\\\":false,\\\"array\\\":false,\\\"label\\\":\\\"alias\\\",\\\"options\\\":[]},{\\\"propertyName\\\":\\\"connectId\\\",\\\"enable\\\":false,\\\"required\\\":false,\\\"array\\\":false,\\\"label\\\":\\\"connectId\\\",\\\"options\\\":[]},{\\\"propertyName\\\":\\\"continueOnError\\\",\\\"enable\\\":true,\\\"required\\\":false,\\\"array\\\":false,\\\"type\\\":\\\"flag\\\",\\\"label\\\":\\\"エラーハンドリング\\\",\\\"text\\\":\\\"エラーでも処理を継続する\\\",\\\"options\\\":[{\\\"name\\\":\\\"continueOnError\\\",\\\"label\\\":\\\"continueOnError\\\",\\\"value\\\":\\\"true\\\"}]},{\\\"propertyName\\\":\\\"databaseType\\\",\\\"enable\\\":false,\\\"required\\\":false,\\\"array\\\":false,\\\"label\\\":\\\"databaseType\\\",\\\"options\\\":[]},{\\\"propertyName\\\":\\\"query\\\",\\\"enable\\\":false,\\\"required\\\":false,\\\"array\\\":false,\\\"label\\\":\\\"query\\\",\\\"options\\\":[]},{\\\"propertyName\\\":\\\"queryType\\\",\\\"enable\\\":false,\\\"required\\\":false,\\\"array\\\":false,\\\"label\\\":\\\"queryType\\\",\\\"options\\\":[]}],\\\"inputDataDefinition\\\":{\\\"entrypoint\\\":{\\\"typeId\\\":\\\"root\\\",\\\"basic\\\":false,\\\"required\\\":false,\\\"listingType\\\":\\\"none\\\"},\\\"typeDefinitions\\\":[{\\\"id\\\":\\\"root\\\",\\\"properties\\\":[{\\\"typeId\\\":\\\"string\\\",\\\"name\\\":\\\"insertId\\\",\\\"listingType\\\":\\\"none\\\",\\\"required\\\":false,\\\"basic\\\":true},{\\\"typeId\\\":\\\"string\\\",\\\"name\\\":\\\"applicationId\\\",\\\"listingType\\\":\\\"none\\\",\\\"required\\\":false,\\\"basic\\\":true}]},{\\\"id\\\":\\\"string\\\",\\\"properties\\\":[]}]},\\\"outputDataDefinition\\\":{\\\"entrypoint\\\":{\\\"typeId\\\":\\\"root\\\",\\\"basic\\\":false,\\\"required\\\":false,\\\"listingType\\\":\\\"none\\\"},\\\"typeDefinitions\\\":[{\\\"id\\\":\\\"root\\\",\\\"properties\\\":[{\\\"typeId\\\":\\\"string\\\",\\\"name\\\":\\\"query\\\",\\\"listingType\\\":\\\"none\\\",\\\"required\\\":false,\\\"basic\\\":true},{\\\"typeId\\\":\\\"integer\\\",\\\"name\\\":\\\"count\\\",\\\"listingType\\\":\\\"none\\\",\\\"required\\\":false,\\\"basic\\\":true},{\\\"typeId\\\":\\\"im_logic_object_1\\\",\\\"name\\\":\\\"records\\\",\\\"listingType\\\":\\\"list\\\",\\\"required\\\":false,\\\"basic\\\":false}]},{\\\"id\\\":\\\"im_logic_object_1\\\",\\\"properties\\\":[{\\\"typeId\\\":\\\"string\\\",\\\"name\\\":\\\"file_id\\\",\\\"listingType\\\":\\\"none\\\",\\\"required\\\":false,\\\"basic\\\":true},{\\\"typeId\\\":\\\"string\\\",\\\"name\\\":\\\"file_name\\\",\\\"listingType\\\":\\\"none\\\",\\\"required\\\":false,\\\"basic\\\":true},{\\\"typeId\\\":\\\"string\\\",\\\"name\\\":\\\"application_id\\\",\\\"listingType\\\":\\\"none\\\",\\\"required\\\":false,\\\"basic\\\":true},{\\\"typeId\\\":\\\"string\\\",\\\"name\\\":\\\"insert_id\\\",\\\"listingType\\\":\\\"none\\\",\\\"required\\\":false,\\\"basic\\\":true},{\\\"typeId\\\":\\\"string\\\",\\\"name\\\":\\\"item_id\\\",\\\"listingType\\\":\\\"none\\\",\\\"required\\\":false,\\\"basic\\\":true},{\\\"typeId\\\":\\\"string\\\",\\\"name\\\":\\\"notes\\\",\\\"listingType\\\":\\\"none\\\",\\\"required\\\":false,\\\"basic\\\":true},{\\\"typeId\\\":\\\"sqltimestamp\\\",\\\"name\\\":\\\"create_date\\\",\\\"listingType\\\":\\\"none\\\",\\\"required\\\":false,\\\"basic\\\":true},{\\\"typeId\\\":\\\"string\\\",\\\"name\\\":\\\"create_user_cd\\\",\\\"listingType\\\":\\\"none\\\",\\\"required\\\":false,\\\"basic\\\":true},{\\\"typeId\\\":\\\"sqltimestamp\\\",\\\"name\\\":\\\"record_date\\\",\\\"listingType\\\":\\\"none\\\",\\\"required\\\":false,\\\"basic\\\":true},{\\\"typeId\\\":\\\"string\\\",\\\"name\\\":\\\"record_user_cd\\\",\\\"listingType\\\":\\\"none\\\",\\\"required\\\":false,\\\"basic\\\":true}]},{\\\"id\\\":\\\"string\\\",\\\"properties\\\":[]},{\\\"id\\\":\\\"integer\\\",\\\"properties\\\":[]},{\\\"id\\\":\\\"sqltimestamp\\\",\\\"properties\\\":[]}]}},\\\"common\\\":{\\\"executeId\\\":\\\"rngd_sample_sql_get_imfr_t_file1\\\",\\\"alias\\\":\\\"rngd_sample_sql_get_imfr_t_file1\\\",\\\"label\\\":\\\"【Sample-rinne-grid】[sql]IMFRファイル情報取得\\\",\\\"comment\\\":\\\"\\\",\\\"mapping\\\":null},\\\"typical\\\":{\\\"continueOnError\\\":false},\\\"mapping\\\":{\\\"inputKeys\\\":[\\\"$input\\\",\\\"$variable\\\",\\\"$const\\\"],\\\"additionalKeys\\\":[],\\\"json\\\":{\\\"version\\\":1,\\\"attrs\\\":{},\\\"connectors\\\":[{\\\"id\\\":\\\"a5cc050c-8983-43fa-adb8-04af0d260e9f\\\",\\\"source\\\":{\\\"id\\\":\\\"ecc5542a-c0c3-44c8-812e-1e225cf4ccdd\\\",\\\"type\\\":\\\"$input\\\",\\\"path\\\":\\\"$input\\\\trngdInsertId\\\",\\\"port\\\":\\\"out\\\"},\\\"target\\\":{\\\"id\\\":\\\"e2382ade-d6b9-4acb-9c73-b2cf187f6e4a\\\",\\\"type\\\":\\\"$output\\\",\\\"path\\\":\\\"rngd_sample_sql_get_imfr_t_file1\\\\tinsertId\\\",\\\"port\\\":\\\"in\\\"}},{\\\"id\\\":\\\"c54468c4-f177-48dc-be3f-6a9b2353dbba\\\",\\\"source\\\":{\\\"id\\\":\\\"22631c4a-dce5-4d73-97b9-345b5ae4d418\\\",\\\"type\\\":\\\"$input\\\",\\\"path\\\":\\\"$input\\\\trngdApplicationId\\\",\\\"port\\\":\\\"out\\\"},\\\"target\\\":{\\\"id\\\":\\\"3ca3c081-524b-4c53-8607-1dd1300c6bb5\\\",\\\"type\\\":\\\"$output\\\",\\\"path\\\":\\\"rngd_sample_sql_get_imfr_t_file1\\\\tapplicationId\\\",\\\"port\\\":\\\"in\\\"}}],\\\"size\\\":{\\\"width\\\":400,\\\"height\\\":500}}}},\\\"95b9f2a2-d573-4ec5-9ca4-e7099e67794b\\\":{\\\"metadata\\\":{\\\"key\\\":{\\\"type\\\":\\\"application\\\",\\\"id\\\":\\\"im_startLoop\\\"},\\\"pairElementKey\\\":{\\\"type\\\":\\\"application\\\",\\\"id\\\":\\\"im_endLoop\\\"},\\\"elementProperties\\\":[{\\\"propertyName\\\":\\\"executeId\\\",\\\"enable\\\":true,\\\"required\\\":true,\\\"array\\\":false,\\\"label\\\":\\\"executeId\\\",\\\"options\\\":[]},{\\\"propertyName\\\":\\\"alias\\\",\\\"enable\\\":true,\\\"required\\\":false,\\\"array\\\":false,\\\"label\\\":\\\"alias\\\",\\\"options\\\":[]},{\\\"propertyName\\\":\\\"clearVariables\\\",\\\"enable\\\":true,\\\"required\\\":false,\\\"array\\\":true,\\\"label\\\":\\\"初期化する変数名\\\",\\\"options\\\":[]},{\\\"propertyName\\\":\\\"condition\\\",\\\"enable\\\":true,\\\"required\\\":false,\\\"array\\\":false,\\\"label\\\":\\\"繰り返し条件\\\",\\\"options\\\":[]},{\\\"propertyName\\\":\\\"endPoint\\\",\\\"enable\\\":false,\\\"required\\\":false,\\\"array\\\":false,\\\"label\\\":\\\"endPoint\\\",\\\"options\\\":[]},{\\\"propertyName\\\":\\\"loopCount\\\",\\\"enable\\\":true,\\\"required\\\":false,\\\"array\\\":false,\\\"label\\\":\\\"繰り返し回数\\\",\\\"options\\\":[]},{\\\"propertyName\\\":\\\"loopItem\\\",\\\"enable\\\":true,\\\"required\\\":false,\\\"array\\\":false,\\\"label\\\":\\\"繰り返し対象\\\",\\\"options\\\":[]}],\\\"inputDataDefinition\\\":null,\\\"outputDataDefinition\\\":{\\\"entrypoint\\\":{\\\"typeId\\\":\\\"$im-logic-additional-taskitem\\\",\\\"basic\\\":false,\\\"required\\\":false,\\\"listingType\\\":\\\"none\\\"},\\\"typeDefinitions\\\":[{\\\"id\\\":\\\"root\\\",\\\"properties\\\":[{\\\"typeId\\\":\\\"string\\\",\\\"name\\\":\\\"query\\\",\\\"listingType\\\":\\\"none\\\",\\\"required\\\":false,\\\"basic\\\":true},{\\\"typeId\\\":\\\"integer\\\",\\\"name\\\":\\\"count\\\",\\\"listingType\\\":\\\"none\\\",\\\"required\\\":false,\\\"basic\\\":true},{\\\"typeId\\\":\\\"im_logic_object_1\\\",\\\"name\\\":\\\"item\\\",\\\"listingType\\\":\\\"none\\\",\\\"required\\\":false,\\\"basic\\\":false}]},{\\\"id\\\":\\\"im_logic_object_1\\\",\\\"properties\\\":[{\\\"typeId\\\":\\\"string\\\",\\\"name\\\":\\\"file_id\\\",\\\"listingType\\\":\\\"none\\\",\\\"required\\\":false,\\\"basic\\\":true},{\\\"typeId\\\":\\\"string\\\",\\\"name\\\":\\\"file_name\\\",\\\"listingType\\\":\\\"none\\\",\\\"required\\\":false,\\\"basic\\\":true},{\\\"typeId\\\":\\\"string\\\",\\\"name\\\":\\\"application_id\\\",\\\"listingType\\\":\\\"none\\\",\\\"required\\\":false,\\\"basic\\\":true},{\\\"typeId\\\":\\\"string\\\",\\\"name\\\":\\\"insert_id\\\",\\\"listingType\\\":\\\"none\\\",\\\"required\\\":false,\\\"basic\\\":true},{\\\"typeId\\\":\\\"string\\\",\\\"name\\\":\\\"item_id\\\",\\\"listingType\\\":\\\"none\\\",\\\"required\\\":false,\\\"basic\\\":true},{\\\"typeId\\\":\\\"string\\\",\\\"name\\\":\\\"notes\\\",\\\"listingType\\\":\\\"none\\\",\\\"required\\\":false,\\\"basic\\\":true},{\\\"typeId\\\":\\\"sqltimestamp\\\",\\\"name\\\":\\\"create_date\\\",\\\"listingType\\\":\\\"none\\\",\\\"required\\\":false,\\\"basic\\\":true},{\\\"typeId\\\":\\\"string\\\",\\\"name\\\":\\\"create_user_cd\\\",\\\"listingType\\\":\\\"none\\\",\\\"required\\\":false,\\\"basic\\\":true},{\\\"typeId\\\":\\\"sqltimestamp\\\",\\\"name\\\":\\\"record_date\\\",\\\"listingType\\\":\\\"none\\\",\\\"required\\\":false,\\\"basic\\\":true},{\\\"typeId\\\":\\\"string\\\",\\\"name\\\":\\\"record_user_cd\\\",\\\"listingType\\\":\\\"none\\\",\\\"required\\\":false,\\\"basic\\\":true}]},{\\\"id\\\":\\\"string\\\",\\\"properties\\\":[]},{\\\"id\\\":\\\"integer\\\",\\\"properties\\\":[]},{\\\"id\\\":\\\"sqltimestamp\\\",\\\"properties\\\":[]},{\\\"id\\\":\\\"$im-logic-additional-taskitem\\\",\\\"properties\\\":[{\\\"typeId\\\":\\\"im_logic_object_1\\\",\\\"name\\\":\\\"item\\\",\\\"listingType\\\":\\\"none\\\",\\\"required\\\":false,\\\"basic\\\":false},{\\\"name\\\":\\\"index\\\",\\\"typeId\\\":\\\"integer\\\",\\\"listingType\\\":\\\"none\\\",\\\"basic\\\":true}]}]}},\\\"common\\\":{\\\"executeId\\\":\\\"im_startLoop1\\\",\\\"alias\\\":\\\"im_startLoop1\\\",\\\"label\\\":\\\"繰り返し開始\\\",\\\"comment\\\":\\\"\\\"},\\\"typical\\\":{\\\"clearVariables\\\":null,\\\"condition\\\":null,\\\"loopCount\\\":null,\\\"loopItem\\\":\\\"rngd_sample_sql_get_imfr_t_file1/records\\\"},\\\"mapping\\\":{\\\"inputKeys\\\":[\\\"$input\\\",\\\"$variable\\\",\\\"$const\\\"],\\\"additionalKeys\\\":[],\\\"json\\\":{}}},\\\"d6a2c461-7f3f-4a9d-8dde-8e571d1ebee5\\\":{\\\"metadata\\\":{\\\"key\\\":{\\\"type\\\":\\\"application\\\",\\\"id\\\":\\\"im_end\\\"},\\\"elementProperties\\\":[{\\\"propertyName\\\":\\\"executeId\\\",\\\"enable\\\":true,\\\"required\\\":true,\\\"array\\\":false,\\\"label\\\":\\\"executeId\\\",\\\"options\\\":[]},{\\\"propertyName\\\":\\\"alias\\\",\\\"enable\\\":true,\\\"required\\\":false,\\\"array\\\":false,\\\"label\\\":\\\"alias\\\",\\\"options\\\":[]}],\\\"inputDataDefinition\\\":null,\\\"outputDataDefinition\\\":null},\\\"common\\\":{\\\"executeId\\\":\\\"im_end1\\\",\\\"alias\\\":\\\"im_end1\\\",\\\"label\\\":\\\"終了\\\",\\\"comment\\\":\\\"\\\",\\\"mapping\\\":null},\\\"typical\\\":{},\\\"mapping\\\":{\\\"inputKeys\\\":[\\\"$input\\\",\\\"$variable\\\",\\\"$const\\\"],\\\"additionalKeys\\\":[],\\\"json\\\":{\\\"version\\\":1,\\\"attrs\\\":{},\\\"connectors\\\":[{\\\"id\\\":\\\"79e79f8d-5ed2-4bde-a03d-a5616e050145\\\",\\\"source\\\":{\\\"id\\\":\\\"cb6d60a8-3196-4ccd-92f4-933d14c1aa34\\\",\\\"type\\\":\\\"$input\\\",\\\"path\\\":\\\"$variable\\\\tfileObjList\\\",\\\"port\\\":\\\"out\\\"},\\\"target\\\":{\\\"id\\\":\\\"bb3fe706-c98a-40ca-896a-0645832d53cb\\\",\\\"type\\\":\\\"$output\\\",\\\"path\\\":\\\"$output\\\\tfileList\\\",\\\"port\\\":\\\"in\\\"}}],\\\"size\\\":{\\\"width\\\":400,\\\"height\\\":500}}}},\\\"9c685e19-c6af-4f57-a336-9a6c1143c39e\\\":{\\\"metadata\\\":{\\\"key\\\":{\\\"type\\\":\\\"application\\\",\\\"id\\\":\\\"im_variableOperation\\\"},\\\"elementProperties\\\":[{\\\"propertyName\\\":\\\"executeId\\\",\\\"enable\\\":true,\\\"required\\\":true,\\\"array\\\":false,\\\"label\\\":\\\"executeId\\\",\\\"options\\\":[]},{\\\"propertyName\\\":\\\"alias\\\",\\\"enable\\\":true,\\\"required\\\":false,\\\"array\\\":false,\\\"label\\\":\\\"alias\\\",\\\"options\\\":[]},{\\\"propertyName\\\":\\\"continueOnError\\\",\\\"enable\\\":true,\\\"required\\\":false,\\\"array\\\":false,\\\"type\\\":\\\"flag\\\",\\\"label\\\":\\\"エラーハンドリング\\\",\\\"text\\\":\\\"エラーでも処理を継続する\\\",\\\"options\\\":[{\\\"name\\\":\\\"continueOnError\\\",\\\"label\\\":\\\"continueOnError\\\",\\\"value\\\":\\\"true\\\"}]}],\\\"inputDataDefinition\\\":{\\\"entrypoint\\\":{\\\"typeId\\\":\\\"map\\\",\\\"basic\\\":true,\\\"required\\\":false,\\\"listingType\\\":\\\"none\\\"},\\\"typeDefinitions\\\":[{\\\"id\\\":\\\"map\\\",\\\"properties\\\":[]},{\\\"id\\\":\\\"any\\\",\\\"properties\\\":[]}]},\\\"outputDataDefinition\\\":{\\\"entrypoint\\\":{\\\"typeId\\\":\\\"any\\\",\\\"basic\\\":true,\\\"required\\\":false,\\\"listingType\\\":\\\"none\\\"},\\\"typeDefinitions\\\":[{\\\"id\\\":\\\"any\\\",\\\"properties\\\":[]}]}},\\\"common\\\":{\\\"executeId\\\":\\\"im_variable_push_file_obj_list\\\",\\\"alias\\\":\\\"im_variable_push_file_obj_list\\\",\\\"label\\\":\\\"変数操作：ファイルオブジェクト追加\\\",\\\"comment\\\":\\\"\\\",\\\"mapping\\\":null},\\\"typical\\\":{\\\"continueOnError\\\":false},\\\"mapping\\\":{\\\"inputKeys\\\":[\\\"$input\\\",\\\"$variable\\\",\\\"$const\\\",\\\"im_startLoop1\\\",\\\"rngd_sample_js_get_download_file_url1\\\"],\\\"additionalKeys\\\":[],\\\"json\\\":{\\\"version\\\":1,\\\"attrs\\\":{\\\"f41deaf2-9a09-44f7-908c-eba8e66fd508\\\":{\\\"x\\\":180,\\\"y\\\":200}},\\\"connectors\\\":[{\\\"id\\\":\\\"c4d68ceb-a484-4db4-bab3-efbc332927a9\\\",\\\"source\\\":{\\\"id\\\":\\\"e488ae00-0b03-4a02-9536-8dadb083be47\\\",\\\"type\\\":\\\"$input\\\",\\\"path\\\":\\\"$variable\\\\tfileObjList\\\",\\\"port\\\":\\\"out\\\"},\\\"target\\\":{\\\"id\\\":\\\"f41deaf2-9a09-44f7-908c-eba8e66fd508\\\",\\\"type\\\":\\\"im_array_push\\\",\\\"port\\\":\\\"in1\\\"}},{\\\"id\\\":\\\"761fc583-87e4-41cb-bb35-3d744cefaa38\\\",\\\"source\\\":{\\\"id\\\":\\\"9477b925-5aaf-408e-9a6e-d1d3b2526de4\\\",\\\"type\\\":\\\"$input\\\",\\\"path\\\":\\\"$variable\\\\tfileObj\\\",\\\"port\\\":\\\"out\\\"},\\\"target\\\":{\\\"id\\\":\\\"f41deaf2-9a09-44f7-908c-eba8e66fd508\\\",\\\"type\\\":\\\"im_array_push\\\",\\\"port\\\":\\\"in2\\\"}},{\\\"id\\\":\\\"64d93ceb-11eb-48bd-acc7-83edb75b4a1c\\\",\\\"source\\\":{\\\"id\\\":\\\"f41deaf2-9a09-44f7-908c-eba8e66fd508\\\",\\\"type\\\":\\\"im_array_push\\\",\\\"port\\\":\\\"out\\\"},\\\"target\\\":{\\\"id\\\":\\\"4b9bd5d7-3a92-4ba6-9708-0bacf61c3b45\\\",\\\"type\\\":\\\"$output\\\",\\\"path\\\":\\\"$variable\\\\tfileObjList\\\",\\\"port\\\":\\\"in\\\"}}],\\\"size\\\":{\\\"width\\\":400,\\\"height\\\":760}}}},\\\"39f15427-d510-42f8-bed8-ded2749c3062\\\":{\\\"metadata\\\":{\\\"key\\\":{\\\"type\\\":\\\"userDefinition\\\",\\\"id\\\":\\\"rngd_sample_js_get_download_file_url\\\"},\\\"elementProperties\\\":[{\\\"propertyName\\\":\\\"executeId\\\",\\\"enable\\\":true,\\\"required\\\":true,\\\"array\\\":false,\\\"label\\\":\\\"executeId\\\",\\\"options\\\":[]},{\\\"propertyName\\\":\\\"alias\\\",\\\"enable\\\":true,\\\"required\\\":false,\\\"array\\\":false,\\\"label\\\":\\\"alias\\\",\\\"options\\\":[]},{\\\"propertyName\\\":\\\"continueOnError\\\",\\\"enable\\\":true,\\\"required\\\":false,\\\"array\\\":false,\\\"type\\\":\\\"flag\\\",\\\"label\\\":\\\"エラーハンドリング\\\",\\\"text\\\":\\\"エラーでも処理を継続する\\\",\\\"options\\\":[{\\\"name\\\":\\\"continueOnError\\\",\\\"label\\\":\\\"continueOnError\\\",\\\"value\\\":\\\"true\\\"}]},{\\\"propertyName\\\":\\\"script\\\",\\\"enable\\\":false,\\\"required\\\":false,\\\"array\\\":false,\\\"label\\\":\\\"script\\\",\\\"options\\\":[]}],\\\"inputDataDefinition\\\":{\\\"entrypoint\\\":{\\\"typeId\\\":\\\"root\\\",\\\"basic\\\":false,\\\"required\\\":false,\\\"listingType\\\":\\\"none\\\"},\\\"typeDefinitions\\\":[{\\\"id\\\":\\\"root\\\",\\\"properties\\\":[{\\\"typeId\\\":\\\"string\\\",\\\"name\\\":\\\"applicationId\\\",\\\"listingType\\\":\\\"none\\\",\\\"required\\\":false,\\\"basic\\\":true},{\\\"typeId\\\":\\\"string\\\",\\\"name\\\":\\\"insertId\\\",\\\"listingType\\\":\\\"none\\\",\\\"required\\\":false,\\\"basic\\\":true},{\\\"typeId\\\":\\\"string\\\",\\\"name\\\":\\\"uploadItemId\\\",\\\"listingType\\\":\\\"none\\\",\\\"required\\\":false,\\\"basic\\\":true},{\\\"typeId\\\":\\\"string\\\",\\\"name\\\":\\\"processKey\\\",\\\"listingType\\\":\\\"none\\\",\\\"required\\\":false,\\\"basic\\\":true},{\\\"typeId\\\":\\\"string\\\",\\\"name\\\":\\\"fileId\\\",\\\"listingType\\\":\\\"none\\\",\\\"required\\\":false,\\\"basic\\\":true},{\\\"typeId\\\":\\\"string\\\",\\\"name\\\":\\\"type\\\",\\\"listingType\\\":\\\"none\\\",\\\"required\\\":false,\\\"basic\\\":true},{\\\"typeId\\\":\\\"string\\\",\\\"name\\\":\\\"fileName\\\",\\\"listingType\\\":\\\"none\\\",\\\"required\\\":false,\\\"basic\\\":true}]},{\\\"id\\\":\\\"string\\\",\\\"properties\\\":[]}]},\\\"outputDataDefinition\\\":{\\\"entrypoint\\\":{\\\"typeId\\\":\\\"root\\\",\\\"basic\\\":false,\\\"required\\\":false,\\\"listingType\\\":\\\"none\\\"},\\\"typeDefinitions\\\":[{\\\"id\\\":\\\"root\\\",\\\"properties\\\":[{\\\"typeId\\\":\\\"string\\\",\\\"name\\\":\\\"downloadUrl\\\",\\\"listingType\\\":\\\"none\\\",\\\"required\\\":false,\\\"basic\\\":true},{\\\"typeId\\\":\\\"boolean\\\",\\\"name\\\":\\\"errorFlg\\\",\\\"listingType\\\":\\\"none\\\",\\\"required\\\":false,\\\"basic\\\":true},{\\\"typeId\\\":\\\"string\\\",\\\"name\\\":\\\"errorMsg\\\",\\\"listingType\\\":\\\"none\\\",\\\"required\\\":false,\\\"basic\\\":true},{\\\"typeId\\\":\\\"string\\\",\\\"name\\\":\\\"downloadUrlSource\\\",\\\"listingType\\\":\\\"none\\\",\\\"required\\\":false,\\\"basic\\\":true}]},{\\\"id\\\":\\\"string\\\",\\\"properties\\\":[]},{\\\"id\\\":\\\"boolean\\\",\\\"properties\\\":[]}]}},\\\"common\\\":{\\\"executeId\\\":\\\"rngd_sample_js_get_download_file_url1\\\",\\\"alias\\\":\\\"rngd_sample_js_get_download_file_url1\\\",\\\"label\\\":\\\"【Sample-rinne-grid】ファイル取得用URL生成\\\",\\\"comment\\\":\\\"\\\",\\\"mapping\\\":null},\\\"typical\\\":{\\\"continueOnError\\\":false},\\\"mapping\\\":{\\\"inputKeys\\\":[\\\"$input\\\",\\\"$variable\\\",\\\"$const\\\",\\\"im_startLoop1\\\"],\\\"additionalKeys\\\":[],\\\"json\\\":{\\\"version\\\":1,\\\"attrs\\\":{},\\\"connectors\\\":[{\\\"id\\\":\\\"c584e331-c4e1-4465-9b3c-8f6d59b88fc7\\\",\\\"source\\\":{\\\"id\\\":\\\"92702c81-779a-4233-a93f-bae31600cc6e\\\",\\\"type\\\":\\\"$input\\\",\\\"path\\\":\\\"im_startLoop1\\\\titem\\\\tfile_id\\\",\\\"port\\\":\\\"out\\\"},\\\"target\\\":{\\\"id\\\":\\\"38f424b2-0806-4c1b-a91e-ec727708ea3a\\\",\\\"type\\\":\\\"$output\\\",\\\"path\\\":\\\"rngd_sample_js_get_download_file_url1\\\\tfileId\\\",\\\"port\\\":\\\"in\\\"}},{\\\"id\\\":\\\"ad315b5e-5c59-413f-9ebb-0c51d3ffcb26\\\",\\\"source\\\":{\\\"id\\\":\\\"c1516e1f-ae13-43ac-8396-bbb83b464a2f\\\",\\\"type\\\":\\\"$input\\\",\\\"path\\\":\\\"im_startLoop1\\\\titem\\\\titem_id\\\",\\\"port\\\":\\\"out\\\"},\\\"target\\\":{\\\"id\\\":\\\"77c57d06-e463-4b89-bd9a-937f3a912178\\\",\\\"type\\\":\\\"$output\\\",\\\"path\\\":\\\"rngd_sample_js_get_download_file_url1\\\\tuploadItemId\\\",\\\"port\\\":\\\"in\\\"}},{\\\"id\\\":\\\"2ec50e82-46a9-4da0-b7c4-e0273ca5dfc7\\\",\\\"source\\\":{\\\"id\\\":\\\"f8ec5d47-f65f-481a-bbe8-34e8e7d5d773\\\",\\\"type\\\":\\\"$input\\\",\\\"path\\\":\\\"im_startLoop1\\\\titem\\\\tapplication_id\\\",\\\"port\\\":\\\"out\\\"},\\\"target\\\":{\\\"id\\\":\\\"332a5a8a-9d0f-4877-95c2-c17ba2e0d993\\\",\\\"type\\\":\\\"$output\\\",\\\"path\\\":\\\"rngd_sample_js_get_download_file_url1\\\\tapplicationId\\\",\\\"port\\\":\\\"in\\\"}},{\\\"id\\\":\\\"3b208160-051e-4edc-9e42-ba36bf07abb9\\\",\\\"source\\\":{\\\"id\\\":\\\"9dd422a9-79a2-4ecc-8bb7-d9a3d5a7f03a\\\",\\\"type\\\":\\\"$input\\\",\\\"path\\\":\\\"im_startLoop1\\\\titem\\\\tfile_name\\\",\\\"port\\\":\\\"out\\\"},\\\"target\\\":{\\\"id\\\":\\\"fba1cb43-4b02-424f-b777-016ad92cb320\\\",\\\"type\\\":\\\"$output\\\",\\\"path\\\":\\\"rngd_sample_js_get_download_file_url1\\\\tfileName\\\",\\\"port\\\":\\\"in\\\"}}],\\\"size\\\":{\\\"width\\\":400,\\\"height\\\":660}}}},\\\"76d142ac-05c6-4cae-a00f-5fae864d9983\\\":{\\\"metadata\\\":{\\\"key\\\":{\\\"type\\\":\\\"application\\\",\\\"id\\\":\\\"im_variableOperation\\\"},\\\"elementProperties\\\":[{\\\"propertyName\\\":\\\"executeId\\\",\\\"enable\\\":true,\\\"required\\\":true,\\\"array\\\":false,\\\"label\\\":\\\"executeId\\\",\\\"options\\\":[]},{\\\"propertyName\\\":\\\"alias\\\",\\\"enable\\\":true,\\\"required\\\":false,\\\"array\\\":false,\\\"label\\\":\\\"alias\\\",\\\"options\\\":[]},{\\\"propertyName\\\":\\\"continueOnError\\\",\\\"enable\\\":true,\\\"required\\\":false,\\\"array\\\":false,\\\"type\\\":\\\"flag\\\",\\\"label\\\":\\\"エラーハンドリング\\\",\\\"text\\\":\\\"エラーでも処理を継続する\\\",\\\"options\\\":[{\\\"name\\\":\\\"continueOnError\\\",\\\"label\\\":\\\"continueOnError\\\",\\\"value\\\":\\\"true\\\"}]}],\\\"inputDataDefinition\\\":{\\\"entrypoint\\\":{\\\"typeId\\\":\\\"map\\\",\\\"basic\\\":true,\\\"required\\\":false,\\\"listingType\\\":\\\"none\\\"},\\\"typeDefinitions\\\":[{\\\"id\\\":\\\"map\\\",\\\"properties\\\":[]},{\\\"id\\\":\\\"any\\\",\\\"properties\\\":[]}]},\\\"outputDataDefinition\\\":{\\\"entrypoint\\\":{\\\"typeId\\\":\\\"any\\\",\\\"basic\\\":true,\\\"required\\\":false,\\\"listingType\\\":\\\"none\\\"},\\\"typeDefinitions\\\":[{\\\"id\\\":\\\"any\\\",\\\"properties\\\":[]}]}},\\\"common\\\":{\\\"executeId\\\":\\\"im_variable_set_file_obj\\\",\\\"alias\\\":\\\"im_variable_set_file_obj\\\",\\\"label\\\":\\\"変数操作：ファイルオブジェクト設定\\\",\\\"comment\\\":\\\"\\\",\\\"mapping\\\":null},\\\"typical\\\":{\\\"continueOnError\\\":false},\\\"mapping\\\":{\\\"inputKeys\\\":[\\\"$input\\\",\\\"$variable\\\",\\\"$const\\\",\\\"im_startLoop1\\\",\\\"rngd_sample_js_get_download_file_url1\\\"],\\\"additionalKeys\\\":[],\\\"json\\\":{\\\"version\\\":1,\\\"attrs\\\":{},\\\"connectors\\\":[{\\\"id\\\":\\\"fac175c1-f12d-42bc-8aac-9377fe9a5d01\\\",\\\"source\\\":{\\\"id\\\":\\\"74c68922-ec11-4e6a-be15-a601cd84c930\\\",\\\"type\\\":\\\"$input\\\",\\\"path\\\":\\\"im_startLoop1\\\\titem\\\\tfile_name\\\",\\\"port\\\":\\\"out\\\"},\\\"target\\\":{\\\"id\\\":\\\"2f247dfe-2438-4db6-b4c5-6cb096e107b3\\\",\\\"type\\\":\\\"$output\\\",\\\"path\\\":\\\"$variable\\\\tfileObj\\\\tfileName\\\",\\\"port\\\":\\\"in\\\"}},{\\\"id\\\":\\\"33a81479-b1a4-468a-ae5d-3171c2d3a6e3\\\",\\\"source\\\":{\\\"id\\\":\\\"b39484bf-551e-4aa6-ac44-a2fd2859af90\\\",\\\"type\\\":\\\"$input\\\",\\\"path\\\":\\\"im_startLoop1\\\\titem\\\\tinsert_id\\\",\\\"port\\\":\\\"out\\\"},\\\"target\\\":{\\\"id\\\":\\\"531f2938-13b4-40ef-b793-d8f8cbdd78a3\\\",\\\"type\\\":\\\"$output\\\",\\\"path\\\":\\\"$variable\\\\tfileObj\\\\tinsertId\\\",\\\"port\\\":\\\"in\\\"}},{\\\"id\\\":\\\"20f64d4b-24df-4712-b398-2be7adb2fa6c\\\",\\\"source\\\":{\\\"id\\\":\\\"ab679a64-e816-47ec-b162-713e32cd6442\\\",\\\"type\\\":\\\"$input\\\",\\\"path\\\":\\\"im_startLoop1\\\\titem\\\\tfile_id\\\",\\\"port\\\":\\\"out\\\"},\\\"target\\\":{\\\"id\\\":\\\"186b936d-3dfb-40fa-8526-5cdc1fa6b253\\\",\\\"type\\\":\\\"$output\\\",\\\"path\\\":\\\"$variable\\\\tfileObj\\\\tfileId\\\",\\\"port\\\":\\\"in\\\"}},{\\\"id\\\":\\\"32c6940d-4080-4b02-826b-576abba215ae\\\",\\\"source\\\":{\\\"id\\\":\\\"338e7e10-2a86-49ce-a179-f2a189239615\\\",\\\"type\\\":\\\"$input\\\",\\\"path\\\":\\\"im_startLoop1\\\\titem\\\\tapplication_id\\\",\\\"port\\\":\\\"out\\\"},\\\"target\\\":{\\\"id\\\":\\\"9ba1a098-c79b-4e61-b9dd-1bc55fa4ef66\\\",\\\"type\\\":\\\"$output\\\",\\\"path\\\":\\\"$variable\\\\tfileObj\\\\tapplicationId\\\",\\\"port\\\":\\\"in\\\"}},{\\\"id\\\":\\\"635034b4-4f5a-44b8-9741-a24dc218e9f9\\\",\\\"source\\\":{\\\"id\\\":\\\"e81e3ab7-09d0-45fa-b83f-afe8e652616f\\\",\\\"type\\\":\\\"$input\\\",\\\"path\\\":\\\"rngd_sample_js_get_download_file_url1\\\\tdownloadUrlSource\\\",\\\"port\\\":\\\"out\\\"},\\\"target\\\":{\\\"id\\\":\\\"928ac75b-ba3b-4e7e-90e0-b421a5ceaa4e\\\",\\\"type\\\":\\\"$output\\\",\\\"path\\\":\\\"$variable\\\\tfileObj\\\\tdownloadUrlSource\\\",\\\"port\\\":\\\"in\\\"}},{\\\"id\\\":\\\"60b30e91-c035-403a-ad85-b751fd77b03d\\\",\\\"source\\\":{\\\"id\\\":\\\"fb4df491-e468-492d-bf76-118bf7a66554\\\",\\\"type\\\":\\\"$input\\\",\\\"path\\\":\\\"rngd_sample_js_get_download_file_url1\\\\tdownloadUrl\\\",\\\"port\\\":\\\"out\\\"},\\\"target\\\":{\\\"id\\\":\\\"bb1c14d7-137d-4f69-931e-98edd19eacb8\\\",\\\"type\\\":\\\"$output\\\",\\\"path\\\":\\\"$variable\\\\tfileObj\\\\tdownloadUrl\\\",\\\"port\\\":\\\"in\\\"}}],\\\"size\\\":{\\\"width\\\":400,\\\"height\\\":760}}}}},\\\"optionMap\\\":{\\\"2238ef53-ed81-4e87-908d-78e5ea6ba884\\\":{\\\"title\\\":\\\"im_start\\\",\\\"label\\\":\\\"開始\\\",\\\"inNum\\\":1,\\\"outNum\\\":1},\\\"7a99aa83-2f1a-4edb-a3bc-092132f294c5\\\":{\\\"title\\\":\\\"im_endLoop1\\\",\\\"label\\\":\\\"繰り返し終了\\\",\\\"inNum\\\":1,\\\"outNum\\\":1,\\\"pairElementId\\\":\\\"95b9f2a2-d573-4ec5-9ca4-e7099e67794b\\\"},\\\"24cb61df-3b67-4e96-9f01-49d3f802036f\\\":{\\\"title\\\":\\\"rngd_sample_sql_get_imfr_t_file1\\\",\\\"label\\\":\\\"【Sample-rinne-grid】[sql]IMFRファイル情報取得\\\",\\\"inNum\\\":1,\\\"outNum\\\":1},\\\"95b9f2a2-d573-4ec5-9ca4-e7099e67794b\\\":{\\\"title\\\":\\\"im_startLoop1\\\",\\\"label\\\":\\\"繰り返し開始\\\",\\\"inNum\\\":1,\\\"outNum\\\":1,\\\"pairElementId\\\":\\\"7a99aa83-2f1a-4edb-a3bc-092132f294c5\\\"},\\\"d6a2c461-7f3f-4a9d-8dde-8e571d1ebee5\\\":{\\\"title\\\":\\\"im_end1\\\",\\\"label\\\":\\\"終了\\\",\\\"inNum\\\":1,\\\"outNum\\\":1},\\\"9c685e19-c6af-4f57-a336-9a6c1143c39e\\\":{\\\"title\\\":\\\"im_variable_push_file_obj_list\\\",\\\"label\\\":\\\"変数操作：ファイルオブジェクト追加\\\",\\\"inNum\\\":1,\\\"outNum\\\":1},\\\"39f15427-d510-42f8-bed8-ded2749c3062\\\":{\\\"title\\\":\\\"rngd_sample_js_get_download_file_url1\\\",\\\"label\\\":\\\"【Sample-rinne-grid】ファイル取得用URL生成\\\",\\\"inNum\\\":1,\\\"outNum\\\":1},\\\"76d142ac-05c6-4cae-a00f-5fae864d9983\\\":{\\\"title\\\":\\\"im_variable_set_file_obj\\\",\\\"label\\\":\\\"変数操作：ファイルオブジェクト設定\\\",\\\"inNum\\\":1,\\\"outNum\\\":1}}}\"}}"]}