{"userCategories":[{"categoryId":"rngd_sample_02","categoryName":"rngd_sample_02","sortNumber":0,"iconId":"","localizes":{"zh_CN":{"locale":"zh_CN","categoryName":"rngd_sample_02"},"en":{"locale":"en","categoryName":"rngd_sample_02"},"ja":{"locale":"ja","categoryName":"rngd_sample_02"}},"displayName":"rngd_sample_02"}],"userDefinitions":["{\"definitionId\":\"rngd_sample_js_get_download_file_url\",\"version\":1,\"categoryId\":\"rngd_sample_02\",\"definitionType\":\"javascript\",\"definitionName\":\"【Sample-rinne-grid】[js]ファイル取得用URL生成\",\"sortNumber\":100,\"definitionData\":{\"elementId\":\"im_scriptExecutor\",\"iconId\":null,\"elementProperties\":{\"script\":\"/**\\r\\n * run.\\r\\n *\\r\\n * @param input {Object} - task input data.\\r\\n * @return {Object} task result.\\r\\n */\\r\\nfunction run(input) {\\r\\n\\r\\n  var downloadUrl = null;\\r\\n  var downloadUrlStr = \\\"\\\";\\r\\n  var downloadUrlForATag = \\\"\\\";\\r\\n  var errorFlg = false;\\r\\n  var errorMsg = \\\"\\\";\\r\\n  \\r\\n  try {\\r\\n    downloadUrl = new URL('forma/designer/types/product/72/fileupload/download');\\r\\n    downloadUrl.setArgument('application_id', input.applicationId);\\r\\n    downloadUrl.setArgument('insert_id', input.insertId);\\r\\n    downloadUrl.setArgument('upload_item_id', input.uploadItemId);\\r\\n    downloadUrl.setArgument('imfr_process_key', input.processKey);\\r\\n    downloadUrl.setArgument('file_id', FRCryptionUtil.encrypt(input.fileId));\\r\\n    downloadUrl.setArgument('type', input.type);\\r\\n  } catch(e) {\\r\\n    errorFlg = true;\\r\\n    errorMsg = e.message;\\r\\n  } finally {\\r\\n    if(!errorFlg) {\\r\\n      downloadUrlStr = downloadUrl.location();\\r\\n      downloadUrlForATag = \\\"<a href='\\\" + downloadUrlStr + \\\"'>\\\" + input.fileName + \\\"</a>\\\";\\r\\n    }\\r\\n  }\\r\\n\\r\\n\\treturn {\\r\\n\\t\\tdownloadUrl: downloadUrlStr,\\r\\n\\t\\terrorFlg: errorFlg,\\r\\n\\t\\terrorMsg: errorMsg,\\r\\n\\t\\tdownloadUrlSource: downloadUrlForATag\\r\\n\\t};\\r\\n}\\r\\n\"},\"inputDataDefinition\":{\"entrypoint\":{\"typeId\":\"root\",\"basic\":false,\"required\":false,\"listingType\":\"none\"},\"typeDefinitions\":[{\"id\":\"root\",\"properties\":[{\"typeId\":\"string\",\"name\":\"applicationId\",\"description\":null,\"listingType\":\"none\",\"required\":false,\"basic\":true},{\"typeId\":\"string\",\"name\":\"insertId\",\"description\":null,\"listingType\":\"none\",\"required\":false,\"basic\":true},{\"typeId\":\"string\",\"name\":\"uploadItemId\",\"description\":null,\"listingType\":\"none\",\"required\":false,\"basic\":true},{\"typeId\":\"string\",\"name\":\"processKey\",\"description\":null,\"listingType\":\"none\",\"required\":false,\"basic\":true},{\"typeId\":\"string\",\"name\":\"fileId\",\"description\":null,\"listingType\":\"none\",\"required\":false,\"basic\":true},{\"typeId\":\"string\",\"name\":\"type\",\"description\":null,\"listingType\":\"none\",\"required\":false,\"basic\":true},{\"typeId\":\"string\",\"name\":\"fileName\",\"description\":null,\"listingType\":\"none\",\"required\":false,\"basic\":true}]},{\"id\":\"string\",\"properties\":[]}]},\"outputDataDefinition\":{\"entrypoint\":{\"typeId\":\"root\",\"basic\":false,\"required\":false,\"listingType\":\"none\"},\"typeDefinitions\":[{\"id\":\"root\",\"properties\":[{\"typeId\":\"string\",\"name\":\"downloadUrl\",\"description\":null,\"listingType\":\"none\",\"required\":false,\"basic\":true},{\"typeId\":\"boolean\",\"name\":\"errorFlg\",\"description\":null,\"listingType\":\"none\",\"required\":false,\"basic\":true},{\"typeId\":\"string\",\"name\":\"errorMsg\",\"description\":null,\"listingType\":\"none\",\"required\":false,\"basic\":true},{\"typeId\":\"string\",\"name\":\"downloadUrlSource\",\"description\":null,\"listingType\":\"none\",\"required\":false,\"basic\":true}]},{\"id\":\"string\",\"properties\":[]},{\"id\":\"boolean\",\"properties\":[]}]}},\"localize\":{\"ja\":\"【Sample-rinne-grid】[js]ファイル取得用URL生成\",\"en\":\"【Sample-rinne-grid】[js]ファイル取得用URL生成\",\"zh_CN\":\"【Sample-rinne-grid】[js]ファイル取得用URL生成\"}}","{\"definitionId\":\"rngd_sample_sql_get_imfr_t_file\",\"version\":1,\"categoryId\":\"rngd_sample_02\",\"definitionType\":\"sql\",\"definitionName\":\"【Sample-rinne-grid】[sql]IMFRファイル情報取得\",\"sortNumber\":100,\"definitionData\":{\"elementId\":\"im_queryExecutor\",\"iconId\":null,\"elementProperties\":{\"query\":\"SELECT * FROM IMFR_T_FILEUPLOAD\\nWHERE application_id = /*applicationId*/''\\nAND insert_id = /*insertId*/''\\n\",\"queryType\":\"SELECT\",\"databaseType\":\"TENANT\",\"connectId\":\"default\",\"limitation\":false},\"inputDataDefinition\":{\"entrypoint\":{\"typeId\":\"root\",\"basic\":false,\"required\":false,\"listingType\":\"none\"},\"typeDefinitions\":[{\"id\":\"root\",\"properties\":[{\"typeId\":\"string\",\"name\":\"insertId\",\"description\":null,\"listingType\":\"none\",\"required\":false,\"basic\":true},{\"typeId\":\"string\",\"name\":\"applicationId\",\"description\":null,\"listingType\":\"none\",\"required\":false,\"basic\":true}]},{\"id\":\"string\",\"properties\":[]}]},\"outputDataDefinition\":{\"entrypoint\":{\"typeId\":\"root\",\"basic\":false,\"required\":false,\"listingType\":\"none\"},\"typeDefinitions\":[{\"id\":\"root\",\"properties\":[{\"typeId\":\"string\",\"name\":\"query\",\"description\":null,\"listingType\":\"none\",\"required\":false,\"basic\":true},{\"typeId\":\"integer\",\"name\":\"count\",\"description\":null,\"listingType\":\"none\",\"required\":false,\"basic\":true},{\"typeId\":\"im_logic_object_1\",\"name\":\"records\",\"description\":null,\"listingType\":\"list\",\"required\":false,\"basic\":false}]},{\"id\":\"im_logic_object_1\",\"properties\":[{\"typeId\":\"string\",\"name\":\"file_id\",\"description\":null,\"listingType\":\"none\",\"required\":false,\"basic\":true},{\"typeId\":\"string\",\"name\":\"file_name\",\"description\":null,\"listingType\":\"none\",\"required\":false,\"basic\":true},{\"typeId\":\"string\",\"name\":\"application_id\",\"description\":null,\"listingType\":\"none\",\"required\":false,\"basic\":true},{\"typeId\":\"string\",\"name\":\"insert_id\",\"description\":null,\"listingType\":\"none\",\"required\":false,\"basic\":true},{\"typeId\":\"string\",\"name\":\"item_id\",\"description\":null,\"listingType\":\"none\",\"required\":false,\"basic\":true},{\"typeId\":\"string\",\"name\":\"notes\",\"description\":null,\"listingType\":\"none\",\"required\":false,\"basic\":true},{\"typeId\":\"sqltimestamp\",\"name\":\"create_date\",\"description\":null,\"listingType\":\"none\",\"required\":false,\"basic\":true},{\"typeId\":\"string\",\"name\":\"create_user_cd\",\"description\":null,\"listingType\":\"none\",\"required\":false,\"basic\":true},{\"typeId\":\"sqltimestamp\",\"name\":\"record_date\",\"description\":null,\"listingType\":\"none\",\"required\":false,\"basic\":true},{\"typeId\":\"string\",\"name\":\"record_user_cd\",\"description\":null,\"listingType\":\"none\",\"required\":false,\"basic\":true}]},{\"id\":\"string\",\"properties\":[]},{\"id\":\"integer\",\"properties\":[]},{\"id\":\"sqltimestamp\",\"properties\":[]}]}},\"localize\":{\"ja\":\"【Sample-rinne-grid】[sql]IMFRファイル情報取得\",\"en\":\"【Sample-rinne-grid】[sql]IMFRファイル情報取得\",\"zh_CN\":\"【Sample-rinne-grid】[sql]IMFRファイル情報取得\"}}"]}