<?xml version="1.0" encoding="UTF-8" standalone="yes"?>
<data_bis_forma xmlns="http://intra-mart.co.jp/foundation/forma/application/export/iap">
    <data-mappings>
        <data-mapping>
            <mapping-id>8fueif423fvrwfu</mapping-id>
            <web-service-id>8fueiabstfvhqfu</web-service-id>
            <mapping-json-pass>forma/datamapper/rngd_sample_dl_file_02/8fuegqna0fu0ofu/8fueif423fvrwfu/</mapping-json-pass>
            <mapping-json-file-name>8fueif423fvrwfu.json</mapping-json-file-name>
        </data-mapping>
        <data-mapping>
            <mapping-id>8fuegzzw2fuemfu</mapping-id>
            <web-service-id>undefined</web-service-id>
            <mapping-json-pass>forma/datamapper/rngd_sample_dl_file_02/8fuegqna0fu0ofu/8fuegzzw2fuemfu/</mapping-json-pass>
            <mapping-json-file-name>8fuegzzw2fuemfu.json</mapping-json-file-name>
        </data-mapping>
        <data-mapping>
            <mapping-id>8fuekrlcsg1chfu</mapping-id>
            <web-service-id>8fuekqdo6g10ifu</web-service-id>
            <mapping-json-pass>forma/datamapper/rngd_sample_dl_file_02/8fuegqna0fu0ofu/8fuekrlcsg1chfu/</mapping-json-pass>
            <mapping-json-file-name>8fuekrlcsg1chfu.json</mapping-json-file-name>
        </data-mapping>
        <data-mapping>
            <mapping-id>8g58s030mqvklfu</mapping-id>
            <web-service-id>8fuekqdo6g10ifu</web-service-id>
            <mapping-json-pass>forma/datamapper/rngd_sample_dl_file_02/8g58s02zgqvkgfu/8g58s030mqvklfu/</mapping-json-pass>
            <mapping-json-file-name>8g58s030mqvklfu.json</mapping-json-file-name>
        </data-mapping>
        <data-mapping>
            <mapping-id>8g58s030dqvkkfu</mapping-id>
            <web-service-id>8fueiabstfvhqfu</web-service-id>
            <mapping-json-pass>forma/datamapper/rngd_sample_dl_file_02/8g58s02zgqvkgfu/8g58s030dqvkkfu/</mapping-json-pass>
            <mapping-json-file-name>8g58s030dqvkkfu.json</mapping-json-file-name>
        </data-mapping>
        <data-mapping>
            <mapping-id>8g58s0316qvkmfu</mapping-id>
            <web-service-id>undefined</web-service-id>
            <mapping-json-pass>forma/datamapper/rngd_sample_dl_file_02/8g58s02zgqvkgfu/8g58s0316qvkmfu/</mapping-json-pass>
            <mapping-json-file-name>8g58s0316qvkmfu.json</mapping-json-file-name>
        </data-mapping>
        <data-mapping>
            <mapping-id>8g58ql1mfqusjfu</mapping-id>
            <web-service-id>8fuekqdo6g10ifu</web-service-id>
            <mapping-json-pass>forma/datamapper/rngd_sample_dl_file_02/8g58ql1iequsefu/8g58ql1mfqusjfu/</mapping-json-pass>
            <mapping-json-file-name>8g58ql1mfqusjfu.json</mapping-json-file-name>
        </data-mapping>
        <data-mapping>
            <mapping-id>8g58ql1lbqusifu</mapping-id>
            <web-service-id>8fueiabstfvhqfu</web-service-id>
            <mapping-json-pass>forma/datamapper/rngd_sample_dl_file_02/8g58ql1iequsefu/8g58ql1lbqusifu/</mapping-json-pass>
            <mapping-json-file-name>8g58ql1lbqusifu.json</mapping-json-file-name>
        </data-mapping>
        <data-mapping>
            <mapping-id>8g58ql1ngquskfu</mapping-id>
            <web-service-id>undefined</web-service-id>
            <mapping-json-pass>forma/datamapper/rngd_sample_dl_file_02/8g58ql1iequsefu/8g58ql1ngquskfu/</mapping-json-pass>
            <mapping-json-file-name>8g58ql1ngquskfu.json</mapping-json-file-name>
        </data-mapping>
    </data-mappings>
</data_bis_forma>
