<?xml version="1.0" encoding="UTF-8" standalone="yes"?>
<data xmlns="http://intra-mart.co.jp/foundation/forma/application/export/iap">
    <forms>
        <form>
            <form-id>8fuegqna0fu0ofu</form-id>
            <locale-id>ja</locale-id>
            <form-name>【Sample-rinne-grid】他アプリのファイルダウンロードリンク取得_02取得先アプリフォーム</form-name>
            <notes></notes>
            <version-no>37</version-no>
            <template_flag>false</template_flag>
            <global_tpl_flag>false</global_tpl_flag>
        </form>
        <form>
            <form-id>8g58ql1iequsefu</form-id>
            <locale-id>ja</locale-id>
            <form-name>【Sample-rinne-grid】他アプリのファイルダウンロードリンク取得_02取得先アプリフォーム</form-name>
            <notes></notes>
            <version-no>2</version-no>
            <template_flag>false</template_flag>
            <global_tpl_flag>false</global_tpl_flag>
        </form>
        <form>
            <form-id>8g58s02zgqvkgfu</form-id>
            <locale-id>ja</locale-id>
            <form-name>【Sample-rinne-grid】他アプリのファイルダウンロードリンク取得_02取得先アプリフォーム</form-name>
            <notes></notes>
            <version-no>2</version-no>
            <template_flag>false</template_flag>
            <global_tpl_flag>false</global_tpl_flag>
        </form>
    </forms>
    <form-relations>
        <form-relation>
            <application-id>rngd_sample_dl_file_02</application-id>
            <application-no>1</application-no>
            <client-type>PC</client-type>
            <form-id>8fuegqna0fu0ofu</form-id>
            <version-no>1</version-no>
        </form-relation>
        <form-relation>
            <application-id>rngd_sample_dl_file_02</application-id>
            <application-no>2</application-no>
            <client-type>PC</client-type>
            <form-id>8g58ql1iequsefu</form-id>
            <version-no>1</version-no>
        </form-relation>
        <form-relation>
            <application-id>rngd_sample_dl_file_02</application-id>
            <application-no>3</application-no>
            <client-type>PC</client-type>
            <form-id>8g58s02zgqvkgfu</form-id>
            <version-no>1</version-no>
        </form-relation>
    </form-relations>
    <applications>
        <application>
            <application-id>rngd_sample_dl_file_02</application-id>
            <locale-id>ja</locale-id>
            <application-name>【Sample-rinne-grid】他アプリのファイルダウンロードリンク取得_02取得先アプリ</application-name>
            <notes></notes>
            <target-locale>ja</target-locale>
            <application-type>std</application-type>
            <company-admin-flag>false</company-admin-flag>
            <version-no>1</version-no>
            <list-view-type>listview</list-view-type>
        </application>
    </applications>
    <application-companies/>
    <application-versions>
        <application-version>
            <application-id>rngd_sample_dl_file_02</application-id>
            <application-no>1</application-no>
            <locale-id>ja</locale-id>
            <version-notes></version-notes>
            <main-form-id>8fuegqna0fu0ofu</main-form-id>
            <delete-flag>false</delete-flag>
            <effective-date>2020-12-01+09:00</effective-date>
            <end-date>2021-09-24+09:00</end-date>
            <version-no>2</version-no>
        </application-version>
        <application-version>
            <application-id>rngd_sample_dl_file_02</application-id>
            <application-no>2</application-no>
            <locale-id>ja</locale-id>
            <version-notes>複数バージョン確認用2</version-notes>
            <main-form-id>8g58ql1iequsefu</main-form-id>
            <delete-flag>false</delete-flag>
            <effective-date>2021-09-24+09:00</effective-date>
            <end-date>2021-09-25+09:00</end-date>
            <version-no>2</version-no>
        </application-version>
        <application-version>
            <application-id>rngd_sample_dl_file_02</application-id>
            <application-no>3</application-no>
            <locale-id>ja</locale-id>
            <version-notes>複数バージョン確認用3</version-notes>
            <main-form-id>8g58s02zgqvkgfu</main-form-id>
            <delete-flag>false</delete-flag>
            <effective-date>2021-09-25+09:00</effective-date>
            <end-date>2999-12-31+09:00</end-date>
            <version-no>2</version-no>
        </application-version>
    </application-versions>
    <authorities>
        <auth-process-targets>
            <auth-process-target>
                <application-id>rngd_sample_dl_file_02</application-id>
                <process-target-type>authenticated_users</process-target-type>
                <authority-type>15</authority-type>
                <version-no>0</version-no>
            </auth-process-target>
        </auth-process-targets>
        <auth-roles/>
        <auth-users/>
        <auth-departments/>
        <auth-public-groups/>
    </authorities>
    <imw-relations/>
    <imw-transitions/>
    <imw-matter-properties/>
    <imw-postscripts/>
    <transitions>
        <transition>
            <application-id>rngd_sample_dl_file_02</application-id>
            <application-no>1</application-no>
            <transition-id>8fuegqna2fu0pfu</transition-id>
            <transition-type>0</transition-type>
            <locale-id>ja</locale-id>
            <transition-name>登録画面</transition-name>
            <default-flag>true</default-flag>
            <version-no>1</version-no>
            <transition-mode>0</transition-mode>
            <sp-display-mode>sp</sp-display-mode>
        </transition>
        <transition>
            <application-id>rngd_sample_dl_file_02</application-id>
            <application-no>1</application-no>
            <transition-id>8fuegqna2fu0qfu</transition-id>
            <transition-type>1</transition-type>
            <locale-id>ja</locale-id>
            <transition-name>更新画面</transition-name>
            <default-flag>true</default-flag>
            <version-no>1</version-no>
            <transition-mode>0</transition-mode>
            <sp-display-mode>sp</sp-display-mode>
        </transition>
        <transition>
            <application-id>rngd_sample_dl_file_02</application-id>
            <application-no>1</application-no>
            <transition-id>8fuegqna2fu0rfu</transition-id>
            <transition-type>9</transition-type>
            <locale-id>ja</locale-id>
            <transition-name>参照画面</transition-name>
            <default-flag>true</default-flag>
            <version-no>1</version-no>
            <transition-mode>0</transition-mode>
            <sp-display-mode>sp</sp-display-mode>
        </transition>
        <transition>
            <application-id>rngd_sample_dl_file_02</application-id>
            <application-no>2</application-no>
            <transition-id>8g58ql1iuqusffu</transition-id>
            <transition-type>0</transition-type>
            <locale-id>ja</locale-id>
            <transition-name>登録画面</transition-name>
            <default-flag>true</default-flag>
            <version-no>1</version-no>
            <transition-mode>0</transition-mode>
            <sp-display-mode>sp</sp-display-mode>
        </transition>
        <transition>
            <application-id>rngd_sample_dl_file_02</application-id>
            <application-no>2</application-no>
            <transition-id>8g58ql1iuqusgfu</transition-id>
            <transition-type>1</transition-type>
            <locale-id>ja</locale-id>
            <transition-name>更新画面</transition-name>
            <default-flag>true</default-flag>
            <version-no>1</version-no>
            <transition-mode>0</transition-mode>
            <sp-display-mode>sp</sp-display-mode>
        </transition>
        <transition>
            <application-id>rngd_sample_dl_file_02</application-id>
            <application-no>2</application-no>
            <transition-id>8g58ql1iuqushfu</transition-id>
            <transition-type>9</transition-type>
            <locale-id>ja</locale-id>
            <transition-name>参照画面</transition-name>
            <default-flag>true</default-flag>
            <version-no>1</version-no>
            <transition-mode>0</transition-mode>
            <sp-display-mode>sp</sp-display-mode>
        </transition>
        <transition>
            <application-id>rngd_sample_dl_file_02</application-id>
            <application-no>3</application-no>
            <transition-id>8g58s02ziqvkhfu</transition-id>
            <transition-type>0</transition-type>
            <locale-id>ja</locale-id>
            <transition-name>登録画面</transition-name>
            <default-flag>true</default-flag>
            <version-no>1</version-no>
            <transition-mode>0</transition-mode>
            <sp-display-mode>sp</sp-display-mode>
        </transition>
        <transition>
            <application-id>rngd_sample_dl_file_02</application-id>
            <application-no>3</application-no>
            <transition-id>8g58s02ziqvkifu</transition-id>
            <transition-type>1</transition-type>
            <locale-id>ja</locale-id>
            <transition-name>更新画面</transition-name>
            <default-flag>true</default-flag>
            <version-no>1</version-no>
            <transition-mode>0</transition-mode>
            <sp-display-mode>sp</sp-display-mode>
        </transition>
        <transition>
            <application-id>rngd_sample_dl_file_02</application-id>
            <application-no>3</application-no>
            <transition-id>8g58s02ziqvkjfu</transition-id>
            <transition-type>9</transition-type>
            <locale-id>ja</locale-id>
            <transition-name>参照画面</transition-name>
            <default-flag>true</default-flag>
            <version-no>1</version-no>
            <transition-mode>0</transition-mode>
            <sp-display-mode>sp</sp-display-mode>
        </transition>
    </transitions>
    <transition-details>
        <transition-detail>
            <application-id>rngd_sample_dl_file_02</application-id>
            <application-no>1</application-no>
            <transition-id>8fuegqna2fu0pfu</transition-id>
            <transition-order-no>1</transition-order-no>
            <form-id>8fuegqna0fu0ofu</form-id>
            <version-no>1</version-no>
            <required-tab>false</required-tab>
        </transition-detail>
        <transition-detail>
            <application-id>rngd_sample_dl_file_02</application-id>
            <application-no>1</application-no>
            <transition-id>8fuegqna2fu0qfu</transition-id>
            <transition-order-no>1</transition-order-no>
            <form-id>8fuegqna0fu0ofu</form-id>
            <version-no>1</version-no>
            <required-tab>false</required-tab>
        </transition-detail>
        <transition-detail>
            <application-id>rngd_sample_dl_file_02</application-id>
            <application-no>1</application-no>
            <transition-id>8fuegqna2fu0rfu</transition-id>
            <transition-order-no>1</transition-order-no>
            <form-id>8fuegqna0fu0ofu</form-id>
            <version-no>1</version-no>
            <required-tab>false</required-tab>
        </transition-detail>
        <transition-detail>
            <application-id>rngd_sample_dl_file_02</application-id>
            <application-no>2</application-no>
            <transition-id>8g58ql1iuqusffu</transition-id>
            <transition-order-no>1</transition-order-no>
            <form-id>8g58ql1iequsefu</form-id>
            <version-no>1</version-no>
            <required-tab>false</required-tab>
        </transition-detail>
        <transition-detail>
            <application-id>rngd_sample_dl_file_02</application-id>
            <application-no>2</application-no>
            <transition-id>8g58ql1iuqusgfu</transition-id>
            <transition-order-no>1</transition-order-no>
            <form-id>8g58ql1iequsefu</form-id>
            <version-no>1</version-no>
            <required-tab>false</required-tab>
        </transition-detail>
        <transition-detail>
            <application-id>rngd_sample_dl_file_02</application-id>
            <application-no>2</application-no>
            <transition-id>8g58ql1iuqushfu</transition-id>
            <transition-order-no>1</transition-order-no>
            <form-id>8g58ql1iequsefu</form-id>
            <version-no>1</version-no>
            <required-tab>false</required-tab>
        </transition-detail>
        <transition-detail>
            <application-id>rngd_sample_dl_file_02</application-id>
            <application-no>3</application-no>
            <transition-id>8g58s02ziqvkhfu</transition-id>
            <transition-order-no>1</transition-order-no>
            <form-id>8g58s02zgqvkgfu</form-id>
            <version-no>1</version-no>
            <required-tab>false</required-tab>
        </transition-detail>
        <transition-detail>
            <application-id>rngd_sample_dl_file_02</application-id>
            <application-no>3</application-no>
            <transition-id>8g58s02ziqvkifu</transition-id>
            <transition-order-no>1</transition-order-no>
            <form-id>8g58s02zgqvkgfu</form-id>
            <version-no>1</version-no>
            <required-tab>false</required-tab>
        </transition-detail>
        <transition-detail>
            <application-id>rngd_sample_dl_file_02</application-id>
            <application-no>3</application-no>
            <transition-id>8g58s02ziqvkjfu</transition-id>
            <transition-order-no>1</transition-order-no>
            <form-id>8g58s02zgqvkgfu</form-id>
            <version-no>1</version-no>
            <required-tab>false</required-tab>
        </transition-detail>
    </transition-details>
    <table-settings>
        <table-setting>
            <application-id>rngd_sample_dl_file_02</application-id>
            <object-id>cdlaaovugnvg</object-id>
            <table-name>imfr_ut_rngd_sample_dl_file_gt</table-name>
            <ddl>CREATE TABLE imfr_ut_rngd_sample_dl_file_gt(imfr_sd_insert_id varchar(20) NOT NULL, imfr_sd_row_no decimal(5,0) NOT NULL, imfr_ud_gt1_filename varchar(200), imfr_ud_gt1_fileid varchar(100), imfr_ud_gt1_insertid varchar(100), imfr_ud_gt1_url varchar(500), PRIMARY KEY (imfr_sd_insert_id,imfr_sd_row_no))</ddl>
        </table-setting>
        <table-setting>
            <application-id>rngd_sample_dl_file_02</application-id>
            <object-id>imfr_form</object-id>
            <table-name>imfr_ut_rngd_sample_dl_file_02</table-name>
            <ddl>CREATE TABLE imfr_ut_rngd_sample_dl_file_02(imfr_sd_insert_id varchar(20) NOT NULL, imfr_sd_application_id varchar(100), imfr_sd_application_no decimal(10,0), imfr_sd_version_no decimal(10,0), imfr_sd_create_date timestamp, imfr_sd_create_user_cd varchar(100), imfr_sd_record_date timestamp, imfr_sd_record_user_cd varchar(100), imfr_sd_preserve_flag varchar(1), imfr_ud_itemselect1 varchar(100), imfr_ud_param_appid varchar(100), imfr_ud_param_insertid varchar(100), imfr_ud_applyattribute_c varchar(500), imfr_ud_applyattribute_s varchar(500), imfr_ud_applyattribute varchar(500), imfr_ud_contextcompanycd varchar(500), imfr_ud_contextdeptsetcd varchar(500), imfr_ud_contextdeptcd varchar(500), imfr_ud_my_radio_button varchar(500), imfr_ud_mattername varchar(500), PRIMARY KEY (imfr_sd_insert_id))</ddl>
        </table-setting>
        <table-setting>
            <application-id>rngd_sample_dl_file_02</application-id>
            <object-id>ruvuwljhrnlf</object-id>
            <table-name>imfr_ut_rngd_dl_file_02_tb1</table-name>
            <ddl>CREATE TABLE imfr_ut_rngd_dl_file_02_tb1(imfr_sd_insert_id varchar(20) NOT NULL, imfr_sd_row_no decimal(5,0) NOT NULL, imfr_ud_column01 varchar(500), imfr_ud_column02 varchar(500), PRIMARY KEY (imfr_sd_insert_id,imfr_sd_row_no))</ddl>
        </table-setting>
    </table-settings>
    <list-settings/>
    <user-programs/>
    <list-view-viewcreators>
        <list-view-viewcreator>
            <application-id>rngd_sample_dl_file_02</application-id>
            <query-cd>8fuegqnc9fu0tfu</query-cd>
            <data-cd>8fuegqnc9fu0ufu</data-cd>
        </list-view-viewcreator>
    </list-view-viewcreators>
</data>
