{"request" : {"fields" : [{"id" : null, "dataType" : null, "displayType" : "complex", "mandatory" : false, "list" : true, "label" : "rngd_ld_for_sample_dl_file_get_download_url", "wsFldId" : null, "wsFldIndex" : 0, "uniqueID" : "8fuekqjldg11bfu", "parentUniqueID" : null, "fields" : [{"id" : {}, "dataType" : "string", "displayType" : "simple", "mandatory" : false, "list" : false, "label" : "rngdInsertId", "wsFldId" : "rngdInsertId", "wsFldIndex" : 1, "uniqueID" : "8fuekqjldg11dfu", "parentUniqueID" : "8fuekqjldg11bfu", "expressionStr" : "[インサートID_画面hidden | param_insertId:【Sample-rinne-grid】他アプリのファイルダウンロードリンク取得_02取得先アプリフォーム]", "screenFields" : [{"screenFldId" : "param_insertId", "label" : "[インサートID_画面hidden | param_insertId:【Sample-rinne-grid】他アプリのファイルダウンロードリンク取得_02取得先アプリフォーム]"}]}, {"id" : {}, "dataType" : "string", "displayType" : "simple", "mandatory" : false, "list" : false, "label" : "rngdApplicationId", "wsFldId" : "rngdApplicationId", "wsFldIndex" : 2, "uniqueID" : "8fuekqjldg11efu", "parentUniqueID" : "8fuekqjldg11bfu", "expressionStr" : "[アプリID_画面hidden | param_appId:【Sample-rinne-grid】他アプリのファイルダウンロードリンク取得_02取得先アプリフォーム]", "screenFields" : [{"screenFldId" : "param_appId", "label" : "[アプリID_画面hidden | param_appId:【Sample-rinne-grid】他アプリのファイルダウンロードリンク取得_02取得先アプリフォーム]"}]}]}]}, "response" : [{"rootName" : "【Sample-rinne-grid】他アプリのファイルダウンロードリンク取得_02取得先アプリフォーム", "fields" : [{"dataType" : "VARCHAR", "id" : {"screenFldId" : "itemSelect1", "itemId" : "qmrjsahtufyr"}, "label" : "アプリ01のデータを選択 | itemSelect1", "formaPartId" : "itemSelect1", "displayType" : "simple", "highlightFlag" : false, "list" : false, "mandatory" : false, "wsFldId" : null, "wsFldIndex" : 0, "screenFldId" : "itemSelect1"}, {"dataType" : "VARCHAR", "id" : {"screenFldId" : "param_appId", "itemId" : "zyjpnkokyxdv"}, "label" : "アプリID_画面hidden | param_appId", "formaPartId" : "param_appId", "displayType" : "simple", "highlightFlag" : false, "list" : false, "mandatory" : false, "wsFldId" : null, "wsFldIndex" : 0, "screenFldId" : "param_appId"}, {"dataType" : "VARCHAR", "id" : {"screenFldId" : "param_insertId", "itemId" : "jhnloopisrgp"}, "label" : "インサートID_画面hidden | param_insertId", "formaPartId" : "param_insertId", "displayType" : "simple", "highlightFlag" : false, "list" : false, "mandatory" : false, "wsFldId" : null, "wsFldIndex" : 0, "screenFldId" : "param_insertId"}, {"displayType" : "complex", "id" : "gt1", "label" : "ファイル一覧 | gt1", "fields" : [{"dataType" : "VARCHAR", "id" : {"screenFldId" : "gt1_custom1", "itemId" : "cdlaaovugnvg"}, "label" : "ファイル名（リンク付き） | gt1_custom1", "formaPartId" : "gt1_custom1", "displayType" : "simple", "highlightFlag" : false, "screenFldId" : "gt1_custom1", "expressionStr" : "[downloadUrlSource:.fileList.rngd_ld_for_sample_dl_file_get_download_url]", "isComplexField" : true, "wsFields" : [{"wsdlFldId" : "downloadUrlSource", "label" : "[downloadUrlSource:.fileList.rngd_ld_for_sample_dl_file_get_download_url]", "uniqueID" : "8fuekqjldg11mfu", "dataType" : "string", "list" : false, "isComplexField" : true, "displayType" : "simple"}]}, {"dataType" : "VARCHAR", "id" : {"screenFldId" : "gt1_fileName", "itemId" : "cdlaaovugnvg"}, "label" : "ファイル名 | gt1_fileName", "formaPartId" : "gt1_fileName", "displayType" : "simple", "highlightFlag" : false, "screenFldId" : "gt1_fileName", "expressionStr" : "[fileName:.fileList.rngd_ld_for_sample_dl_file_get_download_url]", "isComplexField" : true, "wsFields" : [{"wsdlFldId" : "fileName", "label" : "[fileName:.fileList.rngd_ld_for_sample_dl_file_get_download_url]", "uniqueID" : "8fuekqjldg11ifu", "dataType" : "string", "list" : false, "isComplexField" : true, "displayType" : "simple"}]}, {"dataType" : "VARCHAR", "id" : {"screenFldId" : "gt1_url", "itemId" : "cdlaaovugnvg"}, "label" : "URL | gt1_url", "formaPartId" : "gt1_url", "displayType" : "simple", "highlightFlag" : false, "screenFldId" : "gt1_url", "expressionStr" : "[downloadUrl:.fileList.rngd_ld_for_sample_dl_file_get_download_url]", "isComplexField" : true, "wsFields" : [{"wsdlFldId" : "downloadUrl", "label" : "[downloadUrl:.fileList.rngd_ld_for_sample_dl_file_get_download_url]", "uniqueID" : "8fuekqjldg11hfu", "dataType" : "string", "list" : false, "isComplexField" : true, "displayType" : "simple"}]}, {"dataType" : "VARCHAR", "id" : {"screenFldId" : "gt1_fileId", "itemId" : "cdlaaovugnvg"}, "label" : "ファイルID | gt1_fileId", "formaPartId" : "gt1_fileId", "displayType" : "simple", "highlightFlag" : false, "screenFldId" : "gt1_fileId", "expressionStr" : "[fileId:.fileList.rngd_ld_for_sample_dl_file_get_download_url]", "isComplexField" : true, "wsFields" : [{"wsdlFldId" : "fileId", "label" : "[fileId:.fileList.rngd_ld_for_sample_dl_file_get_download_url]", "uniqueID" : "8fuekqjldg11kfu", "dataType" : "string", "list" : false, "isComplexField" : true, "displayType" : "simple"}]}, {"dataType" : "VARCHAR", "id" : {"screenFldId" : "gt1_insertId", "itemId" : "cdlaaovugnvg"}, "label" : "インサートID | gt1_insertId", "formaPartId" : "gt1_insertId", "displayType" : "simple", "highlightFlag" : false, "screenFldId" : "gt1_insertId", "expressionStr" : "[insertId:.fileList.rngd_ld_for_sample_dl_file_get_download_url]", "isComplexField" : true, "wsFields" : [{"wsdlFldId" : "insertId", "label" : "[insertId:.fileList.rngd_ld_for_sample_dl_file_get_download_url]", "uniqueID" : "8fuekqjldg11jfu", "dataType" : "string", "list" : false, "isComplexField" : true, "displayType" : "simple"}]}], "list" : false, "mandatory" : false, "wsFldId" : null, "wsFldIndex" : 0}, {"dataType" : "VARCHAR", "id" : {"screenFldId" : "emitGetFile", "itemId" : "uoqoeaedghmv"}, "label" : "emitGetFile", "formaPartId" : "emitGetFile", "displayType" : "simple", "highlightFlag" : false, "list" : false, "mandatory" : false, "wsFldId" : null, "wsFldIndex" : 0, "screenFldId" : "emitGetFile"}], "attribute" : "data"}, {"attribute" : "master", "rootName" : "マスタデータ", "fields" : [{"displayType" : "complex", "id" : "uoqoeaedghmv", "label" : "emitGetFile", "fields" : [{"dataType" : "VARCHAR", "id" : {"screenFldId" : "key_emitGetFile", "itemId" : "uoqoeaedghmv"}, "label" : "key_emitGetFile", "formaPartId" : "key_emitGetFile", "displayType" : "simple", "list" : false, "mandatory" : false, "wsFldId" : null, "wsFldIndex" : 0, "screenFldId" : "key_emitGetFile"}, {"dataType" : "VARCHAR", "id" : {"screenFldId" : "value_emitGetFile", "itemId" : "uoqoeaedghmv"}, "label" : "value_emitGetFile", "formaPartId" : "value_emitGetFile", "displayType" : "simple", "list" : false, "mandatory" : false, "wsFldId" : null, "wsFldIndex" : 0, "screenFldId" : "value_emitGetFile"}], "list" : false, "mandatory" : false, "wsFldIndex" : 0}]}], "serviceName" : undefined, "url" : undefined, "appDetails" : undefined, "operationName" : undefined, "dataSourceId" : "8fuekqdo6g10ifu"}