{"id" : "8fueiabstfvhqfu", "sql" : "SELECT\n\timfr_sd_insert_id,\n        imfr_sd_application_id,\n        imfr_ud_memo\nFROM\n\timfr_ut_rngd_sample_dl_file_01\n", "interFace" : {"inParameter" : [], "outParameter" : [{"displayName" : [{"out_display_name" : "insert_id", "locale_id" : "ja", "locale_name" : "日本語"}, {"out_display_name" : "insert_id", "locale_id" : "en", "locale_name" : "英語"}, {"out_display_name" : "insert_id", "locale_id" : "zh_CN", "locale_name" : "中国語 (中国)"}], "column_name" : "imfr_sd_insert_id", "out_data_type" : "0", "uniqueID" : "8fueicgtcfvm4fu", "parentUniqueID" : "8fueiczxlfvmrfu"}, {"displayName" : [{"out_display_name" : "application_id", "locale_id" : "ja", "locale_name" : "日本語"}, {"out_display_name" : "application_id", "locale_id" : "en", "locale_name" : "英語"}, {"out_display_name" : "application_id", "locale_id" : "zh_CN", "locale_name" : "中国語 (中国)"}], "column_name" : "imfr_sd_application_id", "out_data_type" : "0", "uniqueID" : "8fueicgtufvm6fu", "parentUniqueID" : "8fueiczxlfvmrfu"}, {"displayName" : [{"out_display_name" : "imfr_ud_memo", "locale_id" : "ja", "locale_name" : "日本語"}, {"out_display_name" : "imfr_ud_memo", "locale_id" : "en", "locale_name" : "英語"}, {"out_display_name" : "imfr_ud_memo", "locale_id" : "zh_CN", "locale_name" : "中国語 (中国)"}], "column_name" : "imfr_ud_memo", "out_data_type" : "0", "uniqueID" : "8fuel7de1g3o1fu", "parentUniqueID" : "8fueiczxlfvmrfu"}]}, "serviceType" : "GROUP_DB", "request" : {"fields" : [{"id" : null, "dataType" : null, "displayType" : "complex", "mandatory" : false, "list" : true, "label" : "", "wsFldId" : null, "wsFldIndex" : 0, "parentUniqueID" : null, "uniqueID" : "8fueiczxlfvmsfu"}]}, "response" : {"fields" : [{"id" : null, "dataType" : null, "displayType" : "complex", "mandatory" : false, "list" : true, "label" : "", "wsFldId" : null, "wsFldIndex" : 0, "parentUniqueID" : null, "uniqueID" : "8fueiczxlfvmrfu", "fields" : [{"id" : {}, "dataType" : "string", "displayType" : "simple", "mandatory" : false, "list" : false, "label" : null, "wsFldId" : "imfr_sd_insert_id", "wsFldIndex" : 1, "uniqueID" : "8fueicgtcfvm4fu", "parentUniqueID" : "8fueiczxlfvmrfu"}, {"id" : {}, "dataType" : "string", "displayType" : "simple", "mandatory" : false, "list" : false, "label" : null, "wsFldId" : "imfr_sd_application_id", "wsFldIndex" : 2, "uniqueID" : "8fueicgtufvm6fu", "parentUniqueID" : "8fueiczxlfvmrfu"}, {"id" : {}, "dataType" : "string", "displayType" : "simple", "mandatory" : false, "list" : false, "label" : null, "wsFldId" : "imfr_ud_memo", "wsFldIndex" : 3, "uniqueID" : "8fuel7de1g3o1fu", "parentUniqueID" : "8fueiczxlfvmrfu"}]}]}, "requestParameter" : [], "responseParameter" : [{"fieldIndex" : 1, "paramName" : "imfr_sd_insert_id", "paramType" : "string", "paramFormat" : "", "parentName" : 0, "uniqueID" : "8fueicgtcfvm4fu", "parentUniqueID" : "8fueiczxlfvmrfu"}, {"fieldIndex" : 2, "paramName" : "imfr_sd_application_id", "paramType" : "string", "paramFormat" : "", "parentName" : 0, "uniqueID" : "8fueicgtufvm6fu", "parentUniqueID" : "8fueiczxlfvmrfu"}, {"fieldIndex" : 3, "paramName" : "imfr_ud_memo", "paramType" : "string", "paramFormat" : "", "parentName" : 0, "uniqueID" : "8fuel7de1g3o1fu", "parentUniqueID" : "8fueiczxlfvmrfu"}]}