{"sp_item_list":[],"footer":{"display_available":true},"item_list":[{"input_list":[{"input_view_names":{"ja":"一覧選択","en":"Selection Item","zh_CN":"标签"},"input_data_type":"0","input_properties":{"decimal_size":0,"input_clear_button":false,"initial_value":{"ja":"","en":"","zh_CN":""},"border_shadow":true,"max_row_number":100,"label_wrap":true,"only_ascii":false,"initial_value_number":0,"permit_minus":false,"required":false,"input_enable":false,"no_frames":false,"initial_date":true,"input_font_size":12,"use_comma":false,"max_length":500,"input_font_bold":false,"custom_chk_format":"","input_font_color":"","min_length":0,"tab_index":0,"display":true,"select_list_setting":[{"col_id":"appId","col_data_type":"0","col_name":{"ja":"アプリID","en":"Column","zh_CN":"列"},"col_disp":true},{"col_id":"insertId","col_data_type":"0","col_name":{"ja":"インサートID","en":"Column","zh_CN":"列"},"col_disp":true},{"col_id":"memo","col_data_type":"0","col_name":{"ja":"メモ","en":"Column","zh_CN":"列"},"col_disp":true}],"custom_err_msg":"","select_page_title":{"ja":"一覧選択画面","en":"Selection from list","zh_CN":"一览选择画面"},"border_color":"","input_background_color":"","labels":[],"input_font_family":{},"bottom_only":false,"input_font_underline":false,"decimal_format_account":false,"decimal_format":null,"multi_select":false,"mapping_id":"8g58ql1ngquskfu","custom_input_chk":false,"decimal_format_tenant":false,"permit_decimal":false,"input_field_size":150,"input_font_italic":false,"mapping_dir":"forma/datamapper/rngd_sample_dl_file_02/8g58ql1iequsefu/8g58ql1ngquskfu/"},"date_format":"yyyy/MM/dd","input_id":"itemSelect1","input_dbinput":true}],"item_properties":{"input_view_names":{},"label_size":[150],"label_styles":[{"label_font_italic":false,"label_font_underline":false,"label_font_color":"","label_wrap":false,"label_font_family":{"ja":"","en":"","zh_CN":""},"label_background_color":"","label_font_size":12,"label_font_bold":true}],"ui_theme":"iap","row_number":3,"labels":[{"ja":"アプリ01のデータを選択","en":"Label","zh_CN":"标签"},{}]},"item_view_type":{"REFERENCE":"2","EDIT":"1","REGISTRATION":"1","POSTSCRIPT":"2"},"item_id":"qmrjsahtufyr","item_type":"product_80_itemSelect","item_exist_dbinput":true,"style":{"zindex":null,"top":80,"left":60,"width":640,"height":35},"item_view_names":{"ja":"一覧選択","en":"Select from list","zh_CN":"一览选择"}},{"input_list":[{"input_view_names":{"ja":"アプリID_画面hidden","en":"Hidden field","zh_CN":"隐藏参数"},"input_data_type":"0","input_properties":{"initial_value":{},"border_shadow":true,"input_font_color":"","min_length":0,"label_wrap":true,"tab_index":0,"border_color":"","input_background_color":"","required":false,"labels":[],"input_font_family":{},"bottom_only":false,"input_font_underline":false,"no_frames":false,"input_font_size":13,"max_length":0,"input_field_size":150,"input_font_bold":false,"input_font_italic":false},"date_format":"","input_id":"param_appId","input_dbinput":true}],"item_properties":{"label_size":[],"label_styles":[{"label_font_italic":false,"label_font_underline":false,"label_font_color":"","label_wrap":false,"label_font_family":{},"label_background_color":"","label_font_size":13,"label_font_bold":false}],"labels":[]},"item_view_type":{"REFERENCE":"1","EDIT":"1","REGISTRATION":"1","POSTSCRIPT":"1"},"item_id":"zyjpnkokyxdv","item_type":"product_72_hidden","item_exist_dbinput":true,"style":{"zindex":null,"top":99,"left":1160,"width":240,"height":30},"item_view_names":{"ja":"アプリID_画面hidden","en":"Hidden field","zh_CN":"隐藏参数"}},{"input_list":[],"item_properties":{"label_size":[],"label_styles":[{"label_font_italic":false,"label_font_underline":false,"label_font_color":"","label_wrap":false,"label_font_family":{},"label_background_color":"","label_font_size":13,"label_font_bold":false}],"labels_text":[{"ja":"画面Param:アプリケーションID","en":"Fill in the contents of the label","zh_CN":"请输入标签内容"}],"labels":[{"ja":"<p><span style=\"background-color: #ffff99;\">画面Param:アプリケーションID</span></p>","en":"Fill in the contents of the label","zh_CN":"请输入标签内容"}]},"item_view_type":{"REFERENCE":"3","EDIT":"3","REGISTRATION":"3","POSTSCRIPT":"2"},"item_id":"yarxitesmdpf","item_type":"product_72_label","item_exist_dbinput":false,"style":{"zindex":null,"top":73,"left":1150,"width":300,"height":10},"item_view_names":{"ja":"アプリIDラベル","en":"Label","zh_CN":"标签"}},{"input_list":[{"input_view_names":{"ja":"インサートID_画面hidden","en":"Hidden field","zh_CN":"隐藏参数"},"input_data_type":"0","input_properties":{"initial_value":{},"border_shadow":true,"input_font_color":"","min_length":0,"label_wrap":true,"tab_index":0,"border_color":"","input_background_color":"","required":false,"labels":[],"input_font_family":{},"bottom_only":false,"input_font_underline":false,"no_frames":false,"input_font_size":13,"max_length":0,"input_field_size":150,"input_font_bold":false,"input_font_italic":false},"date_format":"","input_id":"param_insertId","input_dbinput":true}],"item_properties":{"label_size":[],"label_styles":[{"label_font_italic":false,"label_font_underline":false,"label_font_color":"","label_wrap":false,"label_font_family":{},"label_background_color":"","label_font_size":13,"label_font_bold":false}],"labels":[]},"item_view_type":{"REFERENCE":"1","EDIT":"1","REGISTRATION":"1","POSTSCRIPT":"1"},"item_id":"jhnloopisrgp","item_type":"product_72_hidden","item_exist_dbinput":true,"style":{"zindex":null,"top":99,"left":1360,"width":240,"height":30},"item_view_names":{"ja":"インサートID_画面hidden","en":"Hidden field","zh_CN":"隐藏参数"}},{"input_list":[],"item_properties":{"label_size":[],"label_styles":[{"label_font_italic":false,"label_font_underline":false,"label_font_color":"","label_wrap":false,"label_font_family":{},"label_background_color":"","label_font_size":13,"label_font_bold":false}],"labels_text":[{"ja":"画面Param:インサートID","en":"Fill in the contents of the label","zh_CN":"请输入标签内容"}],"labels":[{"ja":"<p><span style=\"background-color: #ffff99;\">画面Param:インサートID</span></p>","en":"Fill in the contents of the label","zh_CN":"请输入标签内容"}]},"item_view_type":{"REFERENCE":"3","EDIT":"3","REGISTRATION":"3","POSTSCRIPT":"2"},"item_id":"imicvimqmszw","item_type":"product_72_label","item_exist_dbinput":false,"style":{"zindex":null,"top":73,"left":1350,"width":300,"height":10},"item_view_names":{"ja":"インサートIDラベル","en":"Label","zh_CN":"标签"}},{"input_list":[{"input_view_names":{"ja":"ファイル名（リンク付き）","en":"Column","zh_CN":"列"},"input_item_type":"custom","input_data_type":"0","input_properties":{"initial_value":{"ja":"","en":"","zh_CN":""},"border_shadow":true,"custom_unformat":"","label_wrap":true,"header_style":"center","only_ascii":false,"required":false,"header_font_size":13,"search":true,"header_font_underline":false,"header_style_setting":false,"no_frames":false,"property_setting":[{"send_value":"1","display_names":{"ja":"項目名未定義","en":"The item name is undefined","zh_CN":"项目名未定义"}}],"row_width":300,"header_font_family":{},"input_font_size":13,"max_length":500,"input_font_bold":false,"input_background_color_stripe":"","custom_chk_format":"","input_font_color":"","header_font_color":"","min_length":0,"tab_index":0,"display":true,"custom_err_msg":{"ja":""},"select_page_title":{"ja":"一覧選択画面","en":"Selection from list","zh_CN":"一览选择画面"},"input_style_setting":false,"header_font_bold":true,"border_color":"","input_background_color":"","labels":[],"input_font_family":{},"bottom_only":false,"input_font_underline":false,"filter_condition":"cn","header_background_color":"","sorted":true,"header_font_italic":false,"column_resizable":false,"custom_input_chk":false,"custom_format":"","input_field_size":80,"input_font_italic":false,"field_style":"left"},"index":0,"date_format":"yyyy/MM/dd","label":{},"use_column_view_type":false,"column_view_type":{},"input_id":"gt1_custom1","input_dbinput":false},{"input_view_names":{"ja":"ファイル名","en":"Column","zh_CN":"列"},"input_item_type":"textbox","input_data_type":"0","input_properties":{"initial_value":{"ja":"","en":"","zh_CN":""},"border_shadow":true,"label_wrap":true,"header_style":"center","only_ascii":false,"required":false,"header_font_size":13,"search":true,"header_font_underline":false,"header_style_setting":false,"no_frames":false,"property_setting":[{"send_value":"1","display_names":{"ja":"項目名未定義","en":"The item name is undefined","zh_CN":"项目名未定义"}}],"row_width":300,"header_font_family":{},"input_font_size":13,"max_length":500,"input_font_bold":false,"input_background_color_stripe":"","custom_chk_format":"","input_font_color":"","header_font_color":"","min_length":0,"tab_index":0,"display":true,"custom_err_msg":{"ja":""},"select_page_title":{"ja":"一覧選択画面","en":"Selection from list","zh_CN":"一览选择画面"},"input_style_setting":false,"header_font_bold":true,"border_color":"","input_background_color":"","labels":[],"input_font_family":{},"bottom_only":false,"input_font_underline":false,"filter_condition":"cn","header_background_color":"","sorted":true,"header_font_italic":false,"column_resizable":false,"custom_input_chk":false,"input_field_size":80,"input_font_italic":false,"field_style":"left"},"index":1,"date_format":"yyyy/MM/dd","label":{},"use_column_view_type":false,"column_view_type":{},"input_id":"gt1_fileName","input_dbinput":true},{"input_view_names":{"ja":"URL","en":"Column","zh_CN":"列"},"input_item_type":"textbox","input_data_type":"0","input_properties":{"initial_value":{"ja":"","en":"","zh_CN":""},"border_shadow":true,"label_wrap":true,"header_style":"center","only_ascii":false,"required":false,"header_font_size":13,"search":true,"header_font_underline":false,"header_style_setting":false,"no_frames":false,"property_setting":[{"send_value":"1","display_names":{"ja":"項目名未定義","en":"The item name is undefined","zh_CN":"项目名未定义"}}],"row_width":500,"header_font_family":{},"input_font_size":13,"max_length":500,"input_font_bold":false,"input_background_color_stripe":"","custom_chk_format":"","input_font_color":"","header_font_color":"","min_length":0,"tab_index":0,"display":true,"custom_err_msg":{"ja":""},"select_page_title":{"ja":"一覧選択画面","en":"Selection from list","zh_CN":"一览选择画面"},"input_style_setting":false,"header_font_bold":true,"border_color":"","input_background_color":"","labels":[],"input_font_family":{},"bottom_only":false,"input_font_underline":false,"filter_condition":"cn","header_background_color":"","sorted":true,"header_font_italic":false,"column_resizable":true,"custom_input_chk":false,"input_field_size":80,"input_font_italic":false,"field_style":"left"},"index":2,"date_format":"yyyy/MM/dd","label":{},"use_column_view_type":false,"column_view_type":{},"input_id":"gt1_url","input_dbinput":true},{"input_view_names":{"ja":"ファイルID","en":"Column","zh_CN":"列"},"input_item_type":"textbox","input_data_type":"0","input_properties":{"initial_value":{"ja":"","en":"","zh_CN":""},"border_shadow":true,"label_wrap":true,"header_style":"center","only_ascii":false,"required":false,"header_font_size":13,"search":true,"header_font_underline":false,"header_style_setting":false,"no_frames":false,"property_setting":[{"send_value":"1","display_names":{"ja":"項目名未定義","en":"The item name is undefined","zh_CN":"项目名未定义"}}],"row_width":0,"header_font_family":{},"input_font_size":13,"max_length":500,"input_font_bold":false,"input_background_color_stripe":"","custom_chk_format":"","input_font_color":"","header_font_color":"","min_length":0,"tab_index":0,"display":false,"custom_err_msg":{"ja":""},"select_page_title":{"ja":"一覧選択画面","en":"Selection from list","zh_CN":"一览选择画面"},"input_style_setting":false,"header_font_bold":true,"border_color":"","input_background_color":"","labels":[],"input_font_family":{},"bottom_only":false,"input_font_underline":false,"filter_condition":"cn","header_background_color":"","sorted":true,"header_font_italic":false,"column_resizable":false,"custom_input_chk":false,"input_field_size":80,"input_font_italic":false,"field_style":"left"},"index":1,"date_format":"yyyy/MM/dd","label":{},"use_column_view_type":false,"column_view_type":{},"input_id":"gt1_fileId","input_dbinput":true},{"input_view_names":{"ja":"インサートID","en":"Column","zh_CN":"列"},"input_item_type":"textbox","input_data_type":"0","input_properties":{"initial_value":{"ja":"","en":"","zh_CN":""},"border_shadow":true,"label_wrap":true,"header_style":"center","only_ascii":false,"required":false,"header_font_size":13,"search":true,"header_font_underline":false,"header_style_setting":false,"no_frames":false,"property_setting":[{"send_value":"1","display_names":{"ja":"項目名未定義","en":"The item name is undefined","zh_CN":"项目名未定义"}}],"row_width":0,"header_font_family":{},"input_font_size":13,"max_length":500,"input_font_bold":false,"input_background_color_stripe":"","custom_chk_format":"","input_font_color":"","header_font_color":"","min_length":0,"tab_index":0,"display":false,"custom_err_msg":{"ja":""},"select_page_title":{"ja":"一覧選択画面","en":"Selection from list","zh_CN":"一览选择画面"},"input_style_setting":false,"header_font_bold":true,"border_color":"","input_background_color":"","labels":[],"input_font_family":{},"bottom_only":false,"input_font_underline":false,"filter_condition":"cn","header_background_color":"","sorted":true,"header_font_italic":false,"column_resizable":false,"custom_input_chk":false,"input_field_size":80,"input_font_italic":false,"field_style":"left"},"index":2,"date_format":"yyyy/MM/dd","label":{},"use_column_view_type":false,"column_view_type":{},"input_id":"gt1_insertId","input_dbinput":true}],"item_properties":{"del_row":true,"label_size":[],"basic_header_styles":{"basic_header_font_size":13,"basic_header_font_family":{},"basic_header_font_color":"","basic_header_font_bold":true,"basic_header_font_underline":false,"basic_header_background_color":"","basic_header_font_italic":false},"table_width":1200,"footer":[{}],"displayed_pager":"15,30,45,60","init_sort_column":"","basic_input_styles":{"basic_input_font_color":"","basic_input_background_color":"","basic_input_font_italic":false,"basic_input_font_size":13,"basic_input_stripe":false,"basic_input_font_underline":false,"basic_input_font_family":{},"basic_input_background_color_stripe":"","basic_input_font_bold":false},"basic_column_resizable":false,"dynamic":false,"disp_no":"disp","table_height":300,"row_number":5,"basic_field_style":"left","sort_order":"asc","tab_index":[0],"row_order":null,"basic_header_style":"center","search_type":"filterToolbar","labels":[{"ja":"ファイル一覧","en":"Grid table","zh_CN":"网格表"}],"init_column_number":1,"disp_pager":"hide","input_method":"","filter_condition":"cn","label_styles":[{"label_font_italic":false,"label_font_underline":false,"label_font_color":"","label_wrap":false,"label_font_family":{"ja":"","en":"","zh_CN":""},"label_background_color":"","label_font_size":13,"label_font_bold":true}],"add_row":true,"multi_select":true,"sort_setting":"noSetting","frozen_range":"","column_number":3,"frozen_setting":"hide","del_row_dialog":false,"col_hide":"hide","basic_row_width":100},"item_view_type":{"REFERENCE":"2","EDIT":"1","REGISTRATION":"1","POSTSCRIPT":"2"},"item_id":"cdlaaovugnvg","item_type":"product_80_gridtable","item_exist_dbinput":true,"style":{"zindex":null,"top":150,"left":60,"width":1210,"height":400},"item_view_names":{"ja":"グリッドテーブル","en":"Grid table","zh_CN":"网格表"},"table_id":"gt1"},{"input_list":[],"item_properties":{"label_size":[],"label_styles":[{"label_font_italic":false,"label_font_underline":false,"label_font_color":"","label_wrap":false,"label_font_family":{},"label_background_color":"","label_font_size":13,"label_font_bold":false}],"tab_index":[0],"label_level":[1],"labels":[{"ja":"登録","en":"Register","zh_CN":"登记"},{"ja":"更新","en":"Update","zh_CN":"更新"},{"ja":"更新","en":"Update","zh_CN":"更新"}]},"item_view_type":{"REFERENCE":"3","EDIT":"2","REGISTRATION":"2","POSTSCRIPT":"2"},"item_id":"mscktrwxfnvf","item_type":"product_80_registButton","item_exist_dbinput":false,"style":{"zindex":null,"top":1550,"left":70,"width":170,"height":50},"item_view_names":{"ja":"ボタン(登録)","en":"Register Button","zh_CN":"按钮(登记)"}},{"input_list":[{"input_view_names":{"ja":"チェックボックス","en":"Checkbox","zh_CN":"复选框"},"input_data_type":"0","input_properties":{"initial_value":"","border_shadow":true,"input_font_color":"","min_length":0,"label_wrap":true,"tab_index":0,"border_color":"","input_background_color":"","required":false,"labels":[],"input_enable":false,"input_font_family":{"ja":"","en":"","zh_CN":""},"bottom_only":false,"input_font_underline":false,"no_frames":false,"initial_date":true,"row_width":100,"input_font_size":13,"max_length":10,"input_field_size":150,"input_font_bold":false,"input_font_italic":false},"property_setting":[{"send_value":"1","display_names":{"ja":"dummy","en":"The item name is undefined","zh_CN":"项目名未定义"}}],"input_id":"emitGetFile","input_dbinput":false}],"item_properties":{"input_view_names":{},"label_size":[0],"label_styles":[{"label_font_italic":false,"label_font_underline":false,"label_font_color":"","label_wrap":false,"label_font_family":{"ja":"","en":"","zh_CN":""},"label_background_color":"","label_font_size":13,"label_font_bold":false}],"input_orientation":"horizontal","column_number":"","ui_theme":"default","column_width":100,"row_number":1,"labels":[{"ja":"","en":"Checkbox","zh_CN":"复选框"}]},"item_view_type":{"REFERENCE":"2","EDIT":"1","REGISTRATION":"1","POSTSCRIPT":"2"},"item_id":"uoqoeaedghmv","item_type":"product_80_checkbox","item_exist_dbinput":false,"style":{"zindex":null,"top":130,"left":1160,"width":300,"height":19},"item_view_names":{"ja":"チェックボックス","en":"Checkbox","zh_CN":"复选框"}},{"input_list":[],"item_properties":{"label_size":[],"label_styles":[{"label_font_italic":false,"label_font_underline":false,"label_font_color":"","label_wrap":false,"label_font_family":{},"label_background_color":"","label_font_size":13,"label_font_bold":false}],"tab_index":[0],"label_level":[2],"script":"(function($){\n    RNGD_APP_CONST.FIELD_ID_USER_SELECT = \"searchUser\";\n    if(isPc()) {\n        userSelectItemId = $(\"[name=\"+RNGD_APP_CONST.FIELD_ID_USER_SELECT+\"]\").parent()[0].id;\n        forma.master.openSelectItemPage(userSelectItemId);\n    } else {\n        userSelectItemId = $(\"[name=\"+RNGD_APP_CONST.FIELD_ID_USER_SELECT+\"]\").parent().parent()[0].id;\n\n        forma.master.openSelectItemPageSp(userSelectItemId);\n    }    \n})(jQuery);\n","labels":[{"ja":"ユーザ選択","en":"Event","zh_CN":"事件"}]},"item_view_type":{"REFERENCE":"2","EDIT":"2","REGISTRATION":"2","POSTSCRIPT":"2"},"item_id":"uslfwebburlt","item_type":"product_80_eventButton","item_exist_dbinput":false,"style":{"zindex":null,"top":620,"left":100,"width":170,"height":50},"item_view_names":{"ja":"ユーザ選択","en":"Button (event)","zh_CN":"按钮(事件)"}},{"input_list":[],"item_properties":{"label_size":[],"label_styles":[{"label_font_italic":false,"label_font_underline":false,"label_font_color":"","label_wrap":false,"label_font_family":{},"label_background_color":"","label_font_size":13,"label_font_bold":false}],"tab_index":[0],"label_level":[2],"script":"(function($){\n    // ユーザ選択テーブルリセット\n    window.rngdClearTableData(RNGD_APP_CONST.FIELD_ID_TABLE, [RNGD_APP_CONST.FIELD_ID_COLUMN01, RNGD_APP_CONST.FIELD_ID_COLUMN02]);\n})(jQuery);\n","labels":[{"ja":"リセット","en":"Event","zh_CN":"事件"}]},"item_view_type":{"REFERENCE":"2","EDIT":"2","REGISTRATION":"2","POSTSCRIPT":"2"},"item_id":"fbdaykkfzpri","item_type":"product_80_eventButton","item_exist_dbinput":false,"style":{"zindex":null,"top":620,"left":220,"width":170,"height":50},"item_view_names":{"ja":"リセット","en":"Button (event)","zh_CN":"按钮(事件)"}},{"input_list":[{"input_view_names":{"ja":"ユーザID","en":"Column","zh_CN":"列"},"input_item_type":"textbox","input_data_type":"0","input_properties":{"border_style":"0","initial_value":{"ja":"","en":"","zh_CN":""},"border_shadow":true,"row_style":"left","max_row_number":100,"label_wrap":true,"only_ascii":false,"required":false,"no_frames":false,"property_setting":[],"row_width":100,"input_font_size":13,"max_length":500,"input_font_bold":false,"custom_chk_format":"","input_font_color":"","min_length":0,"tab_index":0,"display":true,"select_list_setting":[],"custom_err_msg":{"ja":""},"select_page_title":{"ja":"一覧選択画面","en":"Selection from list","zh_CN":"一览选择画面"},"border_color":"","input_background_color":"","labels":[],"input_font_family":{},"bottom_only":false,"input_font_underline":false,"custom_input_chk":false,"input_field_size":80,"input_font_italic":false},"index":0,"date_format":"yyyy/MM/dd","label":{},"use_column_view_type":false,"column_view_type":{},"input_id":"column01","input_dbinput":true},{"input_view_names":{"ja":"ユーザ名","en":"Column","zh_CN":"列"},"input_item_type":"textbox","input_data_type":"0","input_properties":{"border_style":"0","initial_value":{"ja":"","en":"","zh_CN":""},"border_shadow":true,"row_style":"left","max_row_number":100,"label_wrap":true,"only_ascii":false,"required":false,"no_frames":false,"property_setting":[],"row_width":100,"input_font_size":13,"max_length":500,"input_font_bold":false,"custom_chk_format":"","input_font_color":"","min_length":0,"tab_index":0,"display":true,"select_list_setting":[],"custom_err_msg":{"ja":""},"select_page_title":{"ja":"一覧選択画面","en":"Selection from list","zh_CN":"一览选择画面"},"border_color":"","input_background_color":"","labels":[],"input_font_family":{},"bottom_only":false,"input_font_underline":false,"custom_input_chk":false,"input_field_size":80,"input_font_italic":false},"index":1,"date_format":"yyyy/MM/dd","label":{},"use_column_view_type":false,"column_view_type":{},"input_id":"column02","input_dbinput":true}],"item_properties":{"disp_reference_no":true,"input_method":"","label_size":[100],"label_styles":[{"label_font_italic":false,"label_font_underline":false,"label_font_color":"","label_wrap":false,"label_font_family":{"ja":"","en":"","zh_CN":""},"label_background_color":"","label_font_size":13,"label_font_bold":false}],"footer":[{}],"column_number":"","dynamic":true,"row_number":2,"labels":[{"ja":"明細テーブル","en":"Detail table","zh_CN":"明细表"}]},"item_view_type":{"REFERENCE":"2","EDIT":"1","REGISTRATION":"1","POSTSCRIPT":"2"},"item_id":"ruvuwljhrnlf","item_type":"product_80_table","item_exist_dbinput":true,"style":{"zindex":null,"top":660,"left":120,"width":500,"height":100},"item_view_names":{"ja":"明細テーブル","en":"Detail table","zh_CN":"明细表"},"table_id":"tb1"},{"input_list":[{"input_view_names":{"ja":"ユーザコード","en":"User code","zh_CN":"用户代码"},"input_data_type":"0","input_properties":{"border_style":"0","initial_value":{},"border_shadow":true,"input_font_color":"","min_length":0,"label_wrap":true,"tab_index":0,"border_color":"","input_background_color":"","required":false,"labels":[],"input_font_family":{},"bottom_only":false,"input_font_underline":false,"no_frames":false,"input_font_size":13,"initial_user":false,"max_length":0,"input_field_size":150,"input_font_bold":false,"input_font_italic":false},"input_id":"searchUser","input_dbinput":false}],"item_properties":{"label_size":[100],"label_styles":[{"label_font_italic":false,"label_font_underline":false,"label_font_color":"","label_wrap":false,"label_font_family":{"ja":"","en":"","zh_CN":""},"label_background_color":"","label_font_size":13,"label_font_bold":false}],"searchPageIds":["jp.co.intra_mart.master.app.search.tabs.user.list_user"],"ui_theme":"default","labels":[{"ja":"ユーザ名","en":"User name","zh_CN":"用户名"}]},"item_view_type":{"REFERENCE":"2","EDIT":"1","REGISTRATION":"1","POSTSCRIPT":"2"},"item_id":"dspmipioumnv","item_type":"product_72_userSelect","item_exist_dbinput":false,"style":{"zindex":null,"top":636,"left":466,"width":350,"height":35},"item_view_names":{"ja":"ユーザ選択","en":"Select user","zh_CN":"用户选择"}},{"input_list":[],"item_properties":{"label_size":[],"label_styles":[{"label_font_italic":false,"label_font_underline":false,"label_font_color":"","label_wrap":false,"label_font_family":{},"label_background_color":"","label_font_size":13,"label_font_bold":false}],"label_level":[1],"labels":[{"ja":"01. 別アプリで添付したファイルを取得","en":"Headline","zh_CN":"标题"}]},"item_view_type":{"REFERENCE":"2","EDIT":"2","REGISTRATION":"2","POSTSCRIPT":"2"},"item_id":"ewnyetjzmxsa","item_type":"product_80_header","item_exist_dbinput":false,"style":{"zindex":null,"top":20,"left":30,"width":1400,"height":30},"item_view_names":{"ja":"見出し","en":"Headline","zh_CN":"标题"}},{"input_list":[],"item_properties":{"label_size":[],"label_styles":[{"label_font_italic":false,"label_font_underline":false,"label_font_color":"","label_wrap":false,"label_font_family":{},"label_background_color":"","label_font_size":13,"label_font_bold":false}],"label_level":[1],"labels":[{"ja":"02. 複数ユーザが選択できるように拡張","en":"Headline","zh_CN":"标题"}]},"item_view_type":{"REFERENCE":"2","EDIT":"2","REGISTRATION":"2","POSTSCRIPT":"2"},"item_id":"uteczngwhpqo","item_type":"product_80_header","item_exist_dbinput":false,"style":{"zindex":null,"top":550,"left":30,"width":1400,"height":30},"item_view_names":{"ja":"見出し","en":"Headline","zh_CN":"标题"}},{"input_list":[],"item_properties":{"label_size":[],"label_styles":[{"label_font_italic":false,"label_font_underline":false,"label_font_color":"","label_wrap":false,"label_font_family":{},"label_background_color":"","label_font_size":13,"label_font_bold":false}],"label_level":[1],"labels":[{"ja":"03. 所属セレクトボックスへの初期値設定（コンテキスト組織）","en":"Headline","zh_CN":"标题"}]},"item_view_type":{"REFERENCE":"2","EDIT":"2","REGISTRATION":"2","POSTSCRIPT":"2"},"item_id":"wzbndsezabro","item_type":"product_80_header","item_exist_dbinput":false,"style":{"zindex":null,"top":810,"left":30,"width":1400,"height":30},"item_view_names":{"ja":"見出し","en":"Headline","zh_CN":"标题"}},{"input_list":[{"input_view_names":{"ja":"会社コード","en":"Company code","zh_CN":"公司代码"},"input_data_type":"0","input_properties":{"initial_value":{},"border_shadow":true,"input_font_color":"","top_is_blank":false,"min_length":0,"label_wrap":true,"tab_index":0,"border_color":"","input_background_color":"","required":false,"labels":[],"input_font_family":{},"bottom_only":false,"input_font_underline":false,"no_frames":false,"input_font_size":13,"max_length":0,"input_field_size":150,"input_font_bold":false,"input_font_italic":false},"input_list_display":false,"input_id":"applyAttribute_c","input_dbinput":true},{"input_view_names":{"ja":"組織セットコード","en":"Department set code","zh_CN":"组织集代码"},"input_data_type":"0","input_list_display":false,"input_properties":{"input_font_family":{},"top_is_blank":false,"tab_index":0,"required":false,"input_field_size":150},"input_id":"applyAttribute_s","input_dbinput":true},{"input_view_names":{"ja":"組織コード","en":"Department code","zh_CN":"组织代码"},"input_data_type":"0","input_list_display":true,"input_properties":{"border_style":"0","top_is_blank":true,"border_shadow":true,"input_font_color":"","tab_index":0,"border_color":"","input_background_color":"","required":false,"input_font_family":{},"bottom_only":false,"input_font_underline":false,"no_frames":false,"input_field_size":150,"input_font_bold":false,"input_font_italic":false},"input_id":"applyAttribute","input_dbinput":true}],"item_properties":{"label_size":[150],"label_styles":[{"label_font_italic":false,"label_font_underline":false,"label_font_color":"","label_wrap":false,"label_font_family":{"ja":"","en":"","zh_CN":""},"label_background_color":"","label_font_size":12,"label_font_bold":true}],"ui_theme":"iap","labels":[{"ja":"所属組織選択","en":"Select affiliation","zh_CN":"所属部门选择"}]},"item_view_type":{"REFERENCE":"2","EDIT":"2","REGISTRATION":"1","POSTSCRIPT":"2"},"item_id":"tkqpfdqxuvbj","item_type":"product_72_affiliationSelect","item_exist_dbinput":true,"style":{"zindex":null,"top":880,"left":60,"width":640,"height":45},"item_view_names":{"ja":"所属組織選択","en":"Select affiliation","zh_CN":"所属部门选择"}},{"input_list":[{"input_view_names":{"ja":"コンテキスト会社コード","en":"Hidden parameter","zh_CN":"隐藏参数"},"input_data_type":"0","input_properties":{"initial_value":{},"border_shadow":true,"input_font_color":"","min_length":0,"label_wrap":true,"tab_index":0,"border_color":"","input_background_color":"","required":false,"labels":[],"input_font_family":{},"bottom_only":false,"input_font_underline":false,"no_frames":false,"input_font_size":13,"max_length":0,"input_field_size":150,"input_font_bold":false,"input_font_italic":false},"date_format":"","input_id":"contextCompanyCd","input_dbinput":true}],"item_properties":{"label_size":[],"label_styles":[{"label_font_italic":false,"label_font_underline":false,"label_font_color":"","label_wrap":false,"label_font_family":{},"label_background_color":"","label_font_size":13,"label_font_bold":false}],"labels":[]},"item_view_type":{"REFERENCE":"1","EDIT":"1","REGISTRATION":"1","POSTSCRIPT":"1"},"item_id":"aegfxahwazgp","item_type":"product_72_hidden","item_exist_dbinput":true,"style":{"zindex":null,"top":870,"left":500,"width":180,"height":30},"item_view_names":{"ja":"コンテキスト会社コード","en":"Hidden parameter","zh_CN":"隐藏参数"}},{"input_list":[],"item_properties":{"label_size":[],"label_styles":[{"label_font_italic":false,"label_font_underline":false,"label_font_color":"","label_wrap":false,"label_font_family":{},"label_background_color":"","label_font_size":13,"label_font_bold":false}],"labels_text":[{"ja":"画面Param:コンテキスト会社コード","en":"Fill in the contents of the label","zh_CN":"请输入标签内容"}],"labels":[{"ja":"<p><span style=\"background-color: #ffff99;\">画面Param:コンテキスト会社コード</span></p>","en":"Fill in the contents of the label","zh_CN":"请输入标签内容"}]},"item_view_type":{"REFERENCE":"3","EDIT":"3","REGISTRATION":"3","POSTSCRIPT":"2"},"item_id":"uqrcigpfzupf","item_type":"product_72_label","item_exist_dbinput":false,"style":{"zindex":null,"top":840,"left":500,"width":300,"height":10},"item_view_names":{"ja":"アプリIDラベル：コンテキスト会社コード","en":"Label","zh_CN":"标签"}},{"input_list":[],"item_properties":{"label_size":[],"label_styles":[{"label_font_italic":false,"label_font_underline":false,"label_font_color":"","label_wrap":false,"label_font_family":{},"label_background_color":"","label_font_size":13,"label_font_bold":false}],"labels_text":[{"ja":"画面Param:コンテキスト組織セットコード","en":"Fill in the contents of the label","zh_CN":"请输入标签内容"}],"labels":[{"ja":"<p><span style=\"background-color: #ffff99;\">画面Param:コンテキスト組織セットコード</span></p>","en":"Fill in the contents of the label","zh_CN":"请输入标签内容"}]},"item_view_type":{"REFERENCE":"3","EDIT":"3","REGISTRATION":"3","POSTSCRIPT":"2"},"item_id":"ecwqjwyswikl","item_type":"product_72_label","item_exist_dbinput":false,"style":{"zindex":null,"top":840,"left":740,"width":300,"height":10},"item_view_names":{"ja":"アプリIDラベル：コンテキスト組織セットコード","en":"Label","zh_CN":"标签"}},{"input_list":[{"input_view_names":{"ja":"コンテキスト組織セットコード","en":"Hidden parameter","zh_CN":"隐藏参数"},"input_data_type":"0","input_properties":{"initial_value":{},"border_shadow":true,"input_font_color":"","min_length":0,"label_wrap":true,"tab_index":0,"border_color":"","input_background_color":"","required":false,"labels":[],"input_font_family":{},"bottom_only":false,"input_font_underline":false,"no_frames":false,"input_font_size":13,"max_length":0,"input_field_size":150,"input_font_bold":false,"input_font_italic":false},"date_format":"","input_id":"contextDeptSetCd","input_dbinput":true}],"item_properties":{"label_size":[],"label_styles":[{"label_font_italic":false,"label_font_underline":false,"label_font_color":"","label_wrap":false,"label_font_family":{},"label_background_color":"","label_font_size":13,"label_font_bold":false}],"labels":[]},"item_view_type":{"REFERENCE":"1","EDIT":"1","REGISTRATION":"1","POSTSCRIPT":"1"},"item_id":"ydecflvcgbby","item_type":"product_72_hidden","item_exist_dbinput":true,"style":{"zindex":null,"top":870,"left":740,"width":180,"height":30},"item_view_names":{"ja":"コンテキスト組織セットコード","en":"Hidden parameter","zh_CN":"隐藏参数"}},{"input_list":[],"item_properties":{"label_size":[],"label_styles":[{"label_font_italic":false,"label_font_underline":false,"label_font_color":"","label_wrap":false,"label_font_family":{},"label_background_color":"","label_font_size":13,"label_font_bold":false}],"labels_text":[{"ja":"画面Param:コンテキスト組織コード","en":"Fill in the contents of the label","zh_CN":"请输入标签内容"}],"labels":[{"ja":"<p><span style=\"background-color: #ffff99;\">画面Param:コンテキスト組織コード</span></p>","en":"Fill in the contents of the label","zh_CN":"请输入标签内容"}]},"item_view_type":{"REFERENCE":"3","EDIT":"3","REGISTRATION":"3","POSTSCRIPT":"2"},"item_id":"ludlvrsvaxhe","item_type":"product_72_label","item_exist_dbinput":false,"style":{"zindex":null,"top":840,"left":1030,"width":300,"height":10},"item_view_names":{"ja":"アプリIDラベル：コンテキスト組織コード","en":"Label","zh_CN":"标签"}},{"input_list":[{"input_view_names":{"ja":"コンテキスト組織コード","en":"Hidden parameter","zh_CN":"隐藏参数"},"input_data_type":"0","input_properties":{"initial_value":{},"border_shadow":true,"input_font_color":"","min_length":0,"label_wrap":true,"tab_index":0,"border_color":"","input_background_color":"","required":false,"labels":[],"input_font_family":{},"bottom_only":false,"input_font_underline":false,"no_frames":false,"input_font_size":13,"max_length":0,"input_field_size":150,"input_font_bold":false,"input_font_italic":false},"date_format":"","input_id":"contextDeptCd","input_dbinput":true}],"item_properties":{"label_size":[],"label_styles":[{"label_font_italic":false,"label_font_underline":false,"label_font_color":"","label_wrap":false,"label_font_family":{},"label_background_color":"","label_font_size":13,"label_font_bold":false}],"labels":[]},"item_view_type":{"REFERENCE":"1","EDIT":"1","REGISTRATION":"1","POSTSCRIPT":"1"},"item_id":"tnheqokxezen","item_type":"product_72_hidden","item_exist_dbinput":true,"style":{"zindex":null,"top":870,"left":1030,"width":180,"height":30},"item_view_names":{"ja":"コンテキスト組織コード","en":"Hidden parameter","zh_CN":"隐藏参数"}},{"input_list":[{"input_view_names":{"ja":"ラジオボタン","en":"Radio","zh_CN":"单选按钮"},"input_data_type":"0","input_properties":{"initial_value":"","border_shadow":true,"input_font_color":"","min_length":0,"label_wrap":true,"tab_index":0,"border_color":"","input_background_color":"","required":false,"labels":[],"input_enable":false,"input_font_family":{"ja":"","en":"","zh_CN":""},"bottom_only":false,"input_font_underline":false,"no_frames":false,"initial_date":true,"row_width":100,"input_font_size":12,"max_length":10,"input_field_size":150,"input_font_bold":false,"input_font_italic":false},"property_setting":[{"send_value":"1","display_names":{"ja":"アイテム01","en":"The item name is undefined","zh_CN":"项目名未定义"}},{"send_value":"2","display_names":{"ja":"アイテム02","en":"The item name is undefined","zh_CN":"项目名未定义"}},{"send_value":"3","display_names":{"ja":"アイテム03","en":"The item name is undefined","zh_CN":"项目名未定义"}}],"input_id":"my_radio_button","input_dbinput":true}],"item_properties":{"input_view_names":{},"label_size":[150],"label_styles":[{"label_font_italic":false,"label_font_underline":false,"label_font_color":"","label_wrap":false,"label_font_family":{"ja":"","en":"","zh_CN":""},"label_background_color":"","label_font_size":12,"label_font_bold":true}],"input_orientation":"vertical","column_number":"","ui_theme":"iap","column_width":220,"row_number":3,"labels":[{"ja":"ラジオボタン","en":"Radio button","zh_CN":"单选按钮"}]},"item_view_type":{"REFERENCE":"2","EDIT":"1","REGISTRATION":"1","POSTSCRIPT":"2"},"item_id":"arvyiskdygpp","item_type":"product_80_radio","item_exist_dbinput":true,"style":{"zindex":null,"top":1030,"left":60,"width":640,"height":74},"item_view_names":{"ja":"ラジオボタン","en":"Radio button","zh_CN":"单选按钮"}},{"input_list":[],"item_properties":{"one_file_size":0,"label_size":[100],"upload_item_id":"attach_fileupload_item1","other_window_display":false,"max_file_amount":5,"labels":[{"ja":"添付ファイル","en":"The attached file","zh_CN":"文件附加"}],"file_list_order_type":"asc","image_thumbnail_preview":false,"label_styles":[{"label_font_italic":false,"label_font_underline":false,"label_font_color":"","label_wrap":false,"label_font_family":{},"label_background_color":"","label_font_size":13,"label_font_bold":false}],"min_file_amount":0,"file_list_order_col":"create_timeN","image_thumbnail_width":120,"image_thumbnail_height":120,"allowed_extensions":""},"item_view_type":{"REFERENCE":"2","EDIT":"1","REGISTRATION":"1","POSTSCRIPT":"2"},"item_id":"fvfywvtuinqp","item_type":"product_72_fileupload","item_exist_dbinput":false,"style":{"zindex":null,"top":1140,"left":60,"width":590,"height":150},"item_view_names":{"ja":"ファイルアップロード","en":"File upload","zh_CN":"文件上传"}},{"input_list":[],"item_properties":{"label_size":[],"label_styles":[{"label_font_italic":false,"label_font_underline":false,"label_font_color":"","label_wrap":false,"label_font_family":{},"label_background_color":"","label_font_size":13,"label_font_bold":false}],"label_level":[1],"labels":[{"ja":"04. 添付ファイル名の重複チェックとラジオボタンのチェック、画面案件名の反映","en":"Headline","zh_CN":"标题"}]},"item_view_type":{"REFERENCE":"2","EDIT":"2","REGISTRATION":"2","POSTSCRIPT":"2"},"item_id":"qirkyhyzxcqk","item_type":"product_80_header","item_exist_dbinput":false,"style":{"zindex":null,"top":970,"left":30,"width":1400,"height":30},"item_view_names":{"ja":"見出し","en":"Headline","zh_CN":"标题"}},{"input_list":[],"item_properties":{"label_size":[],"label_styles":[{"label_font_italic":false,"label_font_underline":false,"label_font_color":"","label_wrap":false,"label_font_family":{},"label_background_color":"","label_font_size":13,"label_font_bold":false}],"tab_index":[0],"label_level":[1],"script":"(function($){\n    var RNGD_APP_CONST = {};\n    RNGD_APP_CONST.ITEM_NAME_MY_RADIO_BUTTON              = \"item_my_radio_button\";\n    RNGD_APP_CONST.IMFR_ITEM_INPUT_ERROR                  = \"imfr_item_input_error\";\n    RNGD_APP_CONST.FIELD_ID_MY_RADIO_BUTTON               = \"my_radio_button\";\n    RNGD_APP_CONST.CHECK_ITEMS_UPLOAD_FILE_NAME_DUPLICATION = [\"product_72_fileupload\"];\n    RNGD_APP_CONST.ERROR_MSG_001 = \"ラジオボタンのアイテムが選択されていません。ラジオボタンを選択してください。\";\n    RNGD_APP_CONST.ERROR_MSG_002 = \"添付ファイル名が重複しています。削除して別の名称で添付してください。\";\n\n    // 汎用申請2020 PC版かどうかを判断する\n    function isPc() {\n        return forma.funcs.getDisplayClientType() === \"pc\";\n    }\n\n    function validate() {    \n        var validateResultNum = 0;\n        var errorMsg = \"\";\n        \n        var condLen = $(\"[name=\"+RNGD_APP_CONST.ITEM_NAME_MY_RADIO_BUTTON+\"]\").length;\n        var condItemCd = $(\"[name=\"+RNGD_APP_CONST.ITEM_NAME_MY_RADIO_BUTTON+\"]:checked\").val();\n\n        // ラジオボタンが存在するあ、アイテムが選択されていない場合エラー\n        if(condLen !== 0 && condItemCd === undefined) {\n            errorMsg = RNGD_APP_CONST.ERROR_MSG_001;\n            validateResultNum += 1;\n            $(\"#\" + RNGD_APP_CONST.FIELD_ID_MY_RADIO_BUTTON).addClass(RNGD_APP_CONST.IMFR_ITEM_INPUT_ERROR);\n        }\n\n        // アップロードファイルのうち、名称が重複するものがあった場合エラー\n        var targetItems = RNGD_APP_CONST.CHECK_ITEMS_UPLOAD_FILE_NAME_DUPLICATION\n        var uploadFileList = [];\n        targetItems.forEach(function (itemName) {\n            $(\"[item_type=\" + itemName + \"] tr\").each(function (i, column) {\n                $(this).find(\"td\").each(function (j, row) {\n                    if (j === 0) {\n                        var fileName = $.trim(row.innerText);\n                        uploadFileList.push(fileName)\n                    }\n                })\n            });\n        });\n        \n        var duplicateFileList = uploadFileList.filter(function(fileName, index, self) {\n            return self.indexOf(fileName) === index && index !== self.lastIndexOf(fileName)\n        });\n        if(duplicateFileList.length > 0) {\n            errorMsg = RNGD_APP_CONST.ERROR_MSG_002;\n            errorMsg = errorMsg + \"対象ファイル名: \" + duplicateFileList.join(\",\");\n            validateResultNum += 1;\n        }\n\n        return {\n            \"errorMsg\": errorMsg,\n            \"validateResultNum\": validateResultNum\n        };        \n    }\n\n    function doRegist() {\n        // 必要に応じて半角スペーストリムなどを実施\n\n        var selfMatterName = $(\"[name=matterName]\").val();\n        selfMatterName = selfMatterName.replace(/\\v/g, \" \");\n        selfMatterName = $.trim(selfMatterName);\n        $(\"[name=matterName]\").val(selfMatterName);\n        $(\"[name=imwMatterName]\").val(selfMatterName);\n        sendRegistData();\n    }\n\n    function errorUIRefresh() {\n        $(\"#\" + RNGD_APP_CONST.FIELD_ID_MY_RADIO_BUTTON).removeClass(RNGD_APP_CONST.IMFR_ITEM_INPUT_ERROR);\n    }\n\n    // はじめに、intra-martの単項目チェックを起動する\n    var imCheckResult = inputCheck();\n    // エラーの場合、継続して処理を行わない\n    if(!imCheckResult) {\n        return;\n    }\n    // 単項目チェックが終わったら、相関チェックを行う\n    var resultObj = validate();\n    // エラーが存在する場合は、申請ボタンをクリックさせない\n    if(resultObj.validateResultNum !== 0) {\n        // PC版の場合\n        if(isPc()) {\n            imuiAlert(resultObj.errorMsg);\n        } else {\n            imspAlert(resultObj.errorMsg);\n        }\n    } else {\n        errorUIRefresh();\n        doRegist();\n\n    }\n})(jQuery);\n","labels":[{"ja":"バリデーション後の登録","en":"Event","zh_CN":"事件"}]},"item_view_type":{"REFERENCE":"2","EDIT":"2","REGISTRATION":"2","POSTSCRIPT":"2"},"item_id":"dlqubxmllrka","item_type":"product_80_eventButton","item_exist_dbinput":false,"style":{"zindex":null,"top":1340,"left":70,"width":230,"height":50},"item_view_names":{"ja":"バリデーション後の登録","en":"Button (event)","zh_CN":"按钮(事件)"}},{"input_list":[],"item_properties":{"label_size":[],"label_styles":[{"label_font_italic":false,"label_font_underline":false,"label_font_color":"","label_wrap":false,"label_font_family":{},"label_background_color":"","label_font_size":13,"label_font_bold":false}],"labels_text":[{"ja":"各項目の必須・入力値チェック(単項目チェック)が動いた後に、\n独自の相関チェックを入れたい場合、イベントボタンにスクリプトを書くといい感じになります","en":"Fill in the contents of the label","zh_CN":"请输入标签内容"}],"labels":[{"ja":"<p>各項目の必須・入力値チェック(単項目チェック)が動いた後に、</p>\n<p>独自の相関チェックを入れたい場合、イベントボタンにスクリプトを書くといい感じになります</p>","en":"Fill in the contents of the label","zh_CN":"请输入标签内容"}]},"item_view_type":{"REFERENCE":"2","EDIT":"2","REGISTRATION":"2","POSTSCRIPT":"2"},"item_id":"ocirlhymglzu","item_type":"product_72_label","item_exist_dbinput":false,"style":{"zindex":null,"top":1340,"left":280,"width":410,"height":60},"item_view_names":{"ja":"バリデーション後の登録ボタン説明","en":"Label","zh_CN":"标签"}},{"input_list":[],"item_properties":{"label_size":[],"label_styles":[{"label_font_italic":false,"label_font_underline":false,"label_font_color":"","label_wrap":false,"label_font_family":{},"label_background_color":"","label_font_size":13,"label_font_bold":false}],"labels_text":[{"ja":"通常、一覧表示のデフォルト件数はforma-config.xmlで指定し、変更が必要な場合はデプロイ＆再起動が必要です。\nこのアプリでは「rewrite_forma_itemselect.js - 一覧選択アイテムのページング数書き換え」というカスタムスクリプトで一覧件数を書き換える対応をしています。","en":"Fill in the contents of the label","zh_CN":"请输入标签内容"}],"labels":[{"ja":"<p>通常、一覧表示のデフォルト件数はforma-config.xmlで指定し、変更が必要な場合はデプロイ＆再起動が必要です。</p>\n<p>このアプリでは「rewrite_forma_itemselect.js - 一覧選択アイテムのページング数書き換え」というカスタムスクリプトで一覧件数を書き換える対応をしています。</p>","en":"Fill in the contents of the label","zh_CN":"请输入标签内容"}]},"item_view_type":{"REFERENCE":"2","EDIT":"2","REGISTRATION":"2","POSTSCRIPT":"2"},"item_id":"qruwlkarcsey","item_type":"product_72_label","item_exist_dbinput":false,"style":{"zindex":null,"top":80,"left":430,"width":720,"height":70},"item_view_names":{"ja":"バリデーション後の登録ボタン説明","en":"Label","zh_CN":"标签"}},{"input_list":[{"input_view_names":{"ja":"案件名","en":"String","zh_CN":"字符串"},"input_data_type":"0","input_properties":{"custom_chk_format":"","border_style":"0","initial_value":{"ja":"","en":"","zh_CN":""},"border_shadow":true,"input_font_color":"","min_length":0,"label_wrap":true,"tab_index":0,"only_ascii":false,"custom_err_msg":"","border_color":"","input_background_color":"","required":false,"labels":[],"input_font_family":{"ja":"","en":"","zh_CN":""},"bottom_only":false,"input_font_underline":false,"no_frames":false,"custom_input_chk":false,"input_font_size":12,"max_length":500,"input_field_size":300,"input_font_bold":false,"input_font_italic":false},"input_id":"matterName","input_dbinput":true}],"item_properties":{"label_size":[150],"label_styles":[{"label_font_italic":false,"label_font_underline":false,"label_font_color":"","label_wrap":false,"label_font_family":{"ja":"","en":"","zh_CN":""},"label_background_color":"","label_font_size":12,"label_font_bold":true}],"ui_theme":"iap","labels":[{"ja":"案件名","en":"Text","zh_CN":"文本"}]},"item_view_type":{"REFERENCE":"2","EDIT":"1","REGISTRATION":"1","POSTSCRIPT":"2"},"item_id":"emvqacezvlta","item_type":"product_72_textbox","item_exist_dbinput":true,"style":{"zindex":null,"top":1250,"left":60,"width":640,"height":35},"item_view_names":{"ja":"案件名","en":"String","zh_CN":"字符串"}},{"input_list":[],"item_properties":{"label_size":[],"label_styles":[{"label_font_italic":false,"label_font_underline":false,"label_font_color":"","label_wrap":false,"label_font_family":{},"label_background_color":"","label_font_size":13,"label_font_bold":false}],"script":"(function($){\n console.log(\"スクリプトアイテム\")\n})(jQuery);\n","labels":[]},"item_view_type":{"REFERENCE":"2","EDIT":"2","REGISTRATION":"2","POSTSCRIPT":"2"},"item_id":"uxgihgyjkeoq","item_type":"product_72_script","item_exist_dbinput":false,"style":{"zindex":null,"top":260,"left":1370,"width":50,"height":50},"item_view_names":{"ja":"スクリプト","en":"Script","zh_CN":"脚本"}}],"header":{"item_view_name":{"ja":"ヘッダー","en":"Header","zh_CN":"页头"},"right_toolbar_icon_list":[],"display_available":true,"left_toolbar_icon_list":[{"icon_title":{"ja":"戻る","en":"Back","zh_CN":"返回"},"image_class":"im-ui-icon-common-16-back","icon_id":"imfr-return-icon","icon_label":{"ja":"","en":"","zh_CN":""}}],"label_name":{"ja":"【Sample-rinne-grid】別アプリのファイルを取得する","en":"Page title","zh_CN":"画面标题"}},"event":{"action_setting_list":{"qmrjsahtufyr":{"change":[{"actionType":"customScript","note":"一覧選択入力確認スクリプト","customScript":"(function($){\n  console.log(\"一覧選択入力確認用です\")\n})(jQuery);","conditionExpression":"","errHandling":"0"}],"focus":[{"actionType":"customScript","note":"フォーカスイン確認用スクリプト","customScript":"(function($){\n  console.log(\"フォーカスイン確認用です\")\n})(jQuery);","conditionExpression":"","errHandling":"0"}],"blur":[{"actionType":"customScript","note":"フォーカスアウト確認用スクリプト","customScript":"(function($){\n  console.log(\"フォーカスアウト確認用です\")\n})(jQuery);","conditionExpression":"","errHandling":"0"}],"click":[{"actionType":"customScript","note":"一覧選択クリック確認用","customScript":"(function($){\n  console.log(\"一覧選択クリック確認用です\")\n})(jQuery);","conditionExpression":"","errHandling":"0"}],"iconClick":[{"mappingId":"8g58ql1lbqusifu","actionType":"externalLinkage","note":"","mappingDir":"forma/datamapper/rngd_sample_dl_file_02/8g58ql1iequsefu/8g58ql1lbqusifu/","errHandling":"0","appDetails":{"applicationId":"rngd_sample_dl_file_02","formId":"8g58ql1iequsefu"},"datasourceId":"8fueiabstfvhqfu","datasourceName":"rngd_sql_for_sample_dl_file_01_get_app_transaction"}]},"uoqoeaedghmv":{"change":[{"mappingId":"8g58ql1mfqusjfu","actionType":"externalLinkage","note":"ファイルのダウンロードURLを取得します。","conditionExpression":"","mappingDir":"forma/datamapper/rngd_sample_dl_file_02/8g58ql1iequsefu/8g58ql1mfqusjfu/","errHandling":"0","appDetails":{"applicationId":"rngd_sample_dl_file_02","formId":"8g58ql1iequsefu"},"datasourceId":"8fuekqdo6g10ifu","datasourceName":"rngd_ld_for_sample_dl_file_get_download_url"}]}},"table_event_setting_list":[{"column_id":"gt1_fileName","note":"","event_type":"focus","item_id":"cdlaaovugnvg","indicator_flag":false,"row_number":0},{"column_id":"gt1_fileName","note":"","event_type":"blur","item_id":"cdlaaovugnvg","indicator_flag":false,"row_number":1},{"column_id":"gt1_fileName","note":"","event_type":"change","item_id":"cdlaaovugnvg","indicator_flag":false,"row_number":2},{"column_id":"column01","note":"","event_type":"focus","item_id":"ruvuwljhrnlf","indicator_flag":false,"row_number":3},{"column_id":"column01","note":"","event_type":"blur","item_id":"ruvuwljhrnlf","indicator_flag":false,"row_number":4}],"form_action_setting_list":{"8g58ql1iequsefu":{"load":[{"actionType":"customScript","note":"set_context_department.js - コンテキスト組織の取得\n(本来はロジックフローのユーザコンテキスト：currentDepartmentから取得すべきだがサンプルのためリテラルで各コードを定義する)","customScript":"(function($){\n  var code = \"comp_sample_01\";\n  $(\"[name=contextCompanyCd]\").val(code);\n  $(\"[name=contextDeptSetCd]\").val(code);\n  $(\"[name=contextDeptCd]\").val(code);\n})(jQuery);\n","conditionExpression":"","indicator_flag":false,"errHandling":"0"},{"actionType":"customScript","note":"初期設定","customScript":"var RNGD_CONST = {};\nRNGD_CONST.FIELD_ID_EMIT_GET_FILE = \"emitGetFile\";\nRNGD_CONST.FIELD_ID_PARAM_INSERT_ID = \"param_insertId\";\nRNGD_CONST.FIELD_ID_ITEM_SELECT = \"itemSelect1\";\n\n//-------------------------------------------------------------------------\n// Forma画面から値を取得するためのショートカット関数\n//-------------------------------------------------------------------------\nwindow.rngdGetValue = function (type, fieldId) {\n    var fn = getRngdImFieldMap()[type];\n    // スマホ版の場合\n    if (forma.funcs.getDisplayClientType() === \"pc\") {\n        return formaItems[fn].getItemData[fieldId]();\n    } else {\n        var args = {};\n        args.input_id = fieldId;\n        return formaItems[fn].getItemDataSp(args);\n    }\n};\nwindow.rngdSetValue = function (type, fieldId, value) {\n    var fn = getRngdImFieldMap()[type];\n    if (forma.funcs.getDisplayClientType() === \"pc\") {\n        var args = {};\n        args.data = {};\n        args.data[fieldId] = value;\n        formaItems[fn].setItemData[fieldId](args);\n    } else {\n        var args = {};\n        args.input_id = fieldId;\n        args.inputDataList = {};\n        args.inputDataList[fieldId] = value;\n        formaItems[fn].setItemDataSp(args)\n    }\n};\nwindow.rngdBindValue = function (type, fieldId, value) {\n    var fn = getRngdImFieldMap()[type];\n    if (forma.funcs.getDisplayClientType() === \"pc\") {\n        formaItems[fn].setItemData[fieldId](value);\n    } else {\n        formaItems[fn].setItemDataSp(value)\n    }\n}\nwindow.getRngdImFieldMap = function () {\n    return {\n        \"textbox\": \"product_72_textbox\",\n        \"textarea\": \"product_72_textarea\",\n        \"number\": \"product_72_number\",\n        \"calendar\": \"product_72_calendar\",\n        \"terms\": \"product_72_terms\",\n        \"itemSelect\": \"product_80_itemSelect\",\n        \"table\": \"product_80_table\",\n        \"checkbox\": \"product_80_checkbox\",\n        \"radio\": \"product_80_radio\",\n        \"selectbox\": \"product_80_selectbox\",\n        \"listbox\": \"product_80_listbox\",\n        \"gridtable\": \"product_80_gridtable\",\n        \"userSelect\": \"product_72_userSelect\",\n        \"departmentSelect\": \"product_72_departmentSelect\",\n        \"departmentPostSelect\": \"product_72_departmentPostSelect\",\n        \"affiliationSelect\": \"product_72_affiliationSelect\",\n        \"hidden\": \"product_72_hidden\"\n    };\n};\n\n(function ($) {\n    $(\"[name=\" + RNGD_CONST.FIELD_ID_PARAM_INSERT_ID + \"]\").on(\"change\", function () {\n        var insertId = $(\"[name=\" + RNGD_CONST.FIELD_ID_PARAM_INSERT_ID + \"]\").val();\n        $(\"[name=\" + RNGD_CONST.FIELD_ID_ITEM_SELECT + \"_display\").val(insertId);\n        var checkBoxValue = rngdGetValue(\"checkbox\", RNGD_CONST.FIELD_ID_EMIT_GET_FILE);\n        if(checkBoxValue === \"\" || checkBoxValue === undefined || checkBoxValue === \"0\") {\n            rngdSetValue(\"checkbox\", RNGD_CONST.FIELD_ID_EMIT_GET_FILE, \"1\");\n        } else {\n            rngdSetValue(\"checkbox\", RNGD_CONST.FIELD_ID_EMIT_GET_FILE, \"0\");\n        }\n        $(\"input[name=\" + RNGD_CONST.FIELD_ID_EMIT_GET_FILE + \"]:hidden\").click().val(RNGD_CONST.FIELD_ID_EMIT_GET_FILE).focus().change();\n    });\n    $(\"#\" + RNGD_CONST.FIELD_ID_EMIT_GET_FILE).hide();\n   window.rngdChangeSelectBox = function(fieldId, selectBoxPk) {\n        $('[name=\"'+fieldId+'\"]').focus();\n        $('[name=\"'+fieldId+'\"]').val(selectBoxPk).change();\n        $('[name=\"'+fieldId+'\"]').next('input').val($('[name=\"'+fieldId+'\"]').children(':selected').text());\n        $('[name=\"'+fieldId+'\"]').change();\n    }\n})(jQuery);\n","conditionExpression":"","errHandling":"0"},{"actionType":"customScript","note":"set_button_text.js - 登録ボタンのラベル変更","customScript":"(function($){\n    // 多言語対応したい場合はロケールでの分岐をする\n    var RNGD_APP_CONST = {};\n    RNGD_APP_CONST.APPLY_STR                     = \"バリデーション後の登録\";\n    RNGD_APP_CONST.REAPPLY_STR                   = \"バリデーション後の更新\";\n    RNGD_APP_CONST.APPROVE                       = \"バリデーション後の承認\";\n    RNGD_APP_CONST.REFERENCE                     = \"バリデーション後の参照\";\n    RNGD_APP_CONST.REGIST_BUTTON_ID              = \"eventButton_dlqubxmllrka\";\n\n    var responseType = $(\"#imfr_response_type\").val();\n    var buttonStr = \"\";\n    switch(responseType) {\n        case \"REGISTRATION\":\n            buttonStr = RNGD_APP_CONST.APPLY_STR;\n            break;\n        case \"EDIT\":\n            buttonStr = RNGD_APP_CONST.REAPPLY_STR\n            break;\n        case \"POSTSCRIPT\":\n            buttonStr = RNGD_APP_CONST.APPROVE;\n            break;\n        case \"REFERENCE\":\n            buttonStr = RNGD_APP_CONST.REFERENCE;\n            break;\n    }\n    $(\"#\"+RNGD_APP_CONST.REGIST_BUTTON_ID).val(buttonStr);\n})(jQuery);\n","conditionExpression":"","errHandling":"0"},{"actionType":"customScript","note":"hide_regist_button.js - 登録ボタンを非表示にする","customScript":"// 申請ボタンを隠す\n$(function() {\n  $(\"[id^=registButton]\").hide();\n});\n","conditionExpression":"","errHandling":"0"},{"actionType":"controlDisplay","note":"ユーザ選択アイテムを非表示にする","conditionExpression":"","controlSetting":[{"mode":"invalid","positionAjustMode":"none","itemId":"dspmipioumnv"}],"errHandling":"0"},{"actionType":"controlInput","note":"ユーザ選択テーブルを読み取り専用にする","conditionExpression":"","controlSetting":[{"mode":"invalid","inputId":"","tableId":"tb1","inputItemType":"","triggerSelf":false}],"errHandling":"0"},{"actionType":"customScript","note":"init_wrapper.js - テーブルラッパー関数初期化","customScript":"if(!window.hasOwnProperty(\"RNGD_APP_CONST\")) {\n    window.RNGD_APP_CONST = {};\n}\n\n// ----------------------------------------------------------------\n// PC版かスマホ版かを判断します\n// ----------------------------------------------------------------\nwindow.isPc = function() {\n    // PC版かどうかを判断する\n    return forma.funcs.getDisplayClientType() === \"pc\";\n};\n\nwindow.RNGD_APP_CONST.FIELD_ID_TABLE       = \"tb1\";\nwindow.RNGD_APP_CONST.FIELD_ID_COLUMN01    = \"column01\"\nwindow.RNGD_APP_CONST.FIELD_ID_COLUMN02    = \"column02\";\n\n(function($){\n    // ----------------------------------------------------------------\n    // 対象テーブル明細を削除します\n    // ----------------------------------------------------------------\n    window.rngdClearTableData = function(targetTableId, targetTableColumns) {\n        // イベントボタン（テーブルクリア）\n\n        function removeHtmlCollectionObject(collection, length) {   \n            $(collection).each(function(idx, obj) {\n                if(idx !== 0 && idx !== length - 1) {\n                    $(obj).remove();\n                }\n            });\n        }\n\n        function formaTblGetItemData (tableId, rowId, inputIdList) {\n            if(window.isPc()) {\n                return formaItems.product_80_table.getItemData[tableId](rowId, inputIdList);\n            } else {\n                var args = {};\n                args.tableId = tableId;\n                args.rowId = rowId;\n                args.inputIdList = inputIdList;\n                return formaItems.product_80_table.getItemDataSp(args);\n            }\n        }\n\n        function formaTblSetItemData (tableId, args, option) {\n            if(window.isPc()) {\n                formaItems.product_80_table.setItemData[tableId](args, option);\n            } else {\n                formaItems.product_80_table.setItemDataSp(args);\n            }\n        }\n\n        // 現在設定されているテーブル情報を取得\n        var rowId = \"\";\n        var inputIdList = [];\n\n        for(var i = 0; i < targetTableColumns.length; i++) {\n            inputIdList[i] = targetTableColumns[i];\n        }\n        var result = formaTblGetItemData(targetTableId, rowId, inputIdList);\n        \n        // テーブルデータが存在する場合のみ実行する\n        if(result.length > 0) {\n            var args = {};\n            \n            if(window.isPc()) {\n                args.data = {};\n                args.data[targetTableId] = [];\n                for(var i=0; i<result.length; i++){\n                    args.data[targetTableId][i] = {};\n                    for(var j = 0; j <targetTableColumns.length; j++) {\n                        var columnKey = targetTableColumns[j];\n                        args.data[targetTableId][i][columnKey] = \"\";\n                    }\n                }\n            } else {\n                // スマホ\n                args.tableId = targetTableId;\n                args.dataInputId = [];\n                for(var i = 0; i < targetTableColumns.length; i++) {\n                    args.dataInputId[i] = targetTableColumns[i];\n                }\n\n                args.inputDataList = [];\n                for(var i=0; i<result.length; i++){\n                    args.inputDataList[i] = {};\n                    for(var j = 0; j <targetTableColumns.length; j++) {\n                        var columnKey = targetTableColumns[j];\n                        args.inputDataList[i][columnKey] = \"\";\n                    }                \n\n                }\n            }\n\n            var option = {};\n            formaTblSetItemData(targetTableId, args, option);\n\n            var tblObj = null;\n            var tblLen = 0;\n            if(window.isPc()) {\n                tblObj = $(\"[table_id=\"+targetTableId+\"]\").children(\"table\")[0].rows;\n                tblLen = tblObj.length;\n                removeHtmlCollectionObject(tblObj, tblLen);\n            } else {\n                // テーブルメインを削除\n                tblObj = $(\"[name=\"+targetTableId+\"_base]\")[0].rows;\n                tblLen = tblObj.length;\n                removeHtmlCollectionObject(tblObj, tblLen);\n\n                // テーブルのスクロールバー部分を削除\n                var tblObjScroll = $(\"[name=\"+targetTableId+\"_scrollable]\")[0].rows;\n                $(tblObjScroll).each(function(idx, obj) {\n                    if(idx !== 0) {\n                        $(obj).remove();\n                    }\n                });\n\n                // テーブル（別ページ）を削除\n                var tblObjSpDetail = $(\"#table_\"+targetTableId)[0].rows;\n                tblLen = tblObjSpDetail.length;\n                removeHtmlCollectionObject(tblObjSpDetail, tblLen);\n            }\n        }    \n    };\n})(jQuery);\n","conditionExpression":"","errHandling":"0"},{"actionType":"customScript","note":"登録時のみ：テーブル明細クリア","customScript":"(function($){\n    // ユーザ選択テーブルリセット\n    window.rngdClearTableData(RNGD_APP_CONST.FIELD_ID_TABLE, [RNGD_APP_CONST.FIELD_ID_COLUMN01, RNGD_APP_CONST.FIELD_ID_COLUMN02]);\n})(jQuery);\n","conditionExpression":"imfr_response_type = \"REGISTRATION\"","errHandling":"0"},{"actionType":"customScript","note":"rewrite_forma_func.js","customScript":"if(!window.hasOwnProperty(\"RNGD_APP_CONST\")) {\n    window.RNGD_APP_CONST = {};\n}\n\n// ----------------------------------------------------------------\n// PC版かスマホ版かを判断します\n// ----------------------------------------------------------------\nwindow.isPc = function() {\n    // PC版かどうかを判断する\n    return forma.funcs.getDisplayClientType() === \"pc\";\n};\n\n(function($){\n    \n    RNGD_APP_CONST.FIELD_ID_TABLE       = \"tb1\";\n    RNGD_APP_CONST.FIELD_ID_COLUMN01    = \"column01\"\n    RNGD_APP_CONST.FIELD_ID_COLUMN02    = \"column02\";\n    function isPc() {\n        return forma.funcs.getDisplayClientType() === \"pc\";\n    }\n    function formaTblGetItemData (tableId, rowId, inputIdList) {\n        if(isPc()) {\n            return formaItems.product_80_table.getItemData[tableId](rowId, inputIdList);\n        } else {\n            var args = {};\n            args.tableId = tableId;\n            args.rowId = rowId;\n            args.inputIdList = inputIdList;\n            return formaItems.product_80_table.getItemDataSp(args);\n        }\n    }\n\n    function formaTblSetItemData (tableId, args, option) {\n        if(isPc()) {\n            formaItems.product_80_table.setItemData[tableId](args, option);\n        } else {\n            formaItems.product_80_table.setItemDataSp(args);\n        }\n    }\n    // 申請・再申請画面のみ、forma.master.openSelectItemPageを書き換える\n    var respType = $(\"[name=imfr_response_type]\").val();\n    if(respType === \"REGISTRATION\" || respType === \"EDIT\") {\n        //-------------------------------------------------------------------------\n        // ユーザ選択画面の選択タイプを複数選択に変更する\n        //-------------------------------------------------------------------------\n        forma.master.openSelectItemPage = function (item_id) {\n            forma.master.currentId = item_id;\n            var parameter = {};\n            // パラメータを代入\n            parameter.target = forma.master.masterTypeTarget[forma.master.itemSelectPageParams[item_id].imMasterType];\n            parameter.callback_function = \"_formaMasterSelectedItem\"; // callbackを指定\n            //単一選択を指定する場合\n            // parameter.type = \"single\";\n            //複数選択を指定する場合\n            parameter.type = \"multiple\"; \n            parameter.wnd_close = true; //選択後の動作を指定\n            parameter.tabs = forma.master.itemSelectPageParams[item_id].searchPageNames; //検索方法の指定\n\n            // 検索基準日の指定\n            parameter.target_date = new Date();\n            parameter.target_date.setTime( forma.master.itemSelectPageParams[item_id].baseDateTime );\n            \n            // propパラメータの指定\n            if( forma.master.itemSelectPageParams[item_id].imMasterType === 'userSelect' ){\n                parameter.prop = forma.master.addProp( parameter.tabs ) ;\n            }\n            // 検索画面を開く\n            imMasterSaerchObj.open(parameter);\n        };\n\n\n        //-------------------------------------------------------------------------\n        // ユーザ選択画面の選択タイプを複数選択に変更する\n        //-------------------------------------------------------------------------\n        forma.master.openSelectItemPageSp = function ( item_id ) {\n            forma.master.currentId = item_id;\n            var page_path = 'im_master_smartphone/search/search';\n            var param = {};\n            // パラメータを代入\n        //    param.target = forma.master.masterTypeTarget[forma.master.itemSelectPageParams[item_id].imMasterType];\n            param.callback_function = '_formaMasterSelectedItem'; // callbackを指定\n            param.type = 'multiple'; //単一選択を指定\n            param.tabs = forma.master.itemSelectPageParams[item_id].searchPageNames; //検索方法の指定\n        \n            // 検索基準日の指定\n            param.target_date = new Date();\n            param.target_date.setTime( forma.master.itemSelectPageParams[item_id].baseDateTime );\n        \n            // propパラメータの指定\n            if( forma.master.itemSelectPageParams[item_id].imMasterType === 'userSelectSp' ){\n                param.prop = forma.master.addProp( param.tabs ) ;\n            }\n            var parameter_json_string = escape( ImJson.toJSONString( param ) );\n        \n            // 検索画面を開く\n            $( document.body ).pagecontainer( 'change', page_path, {\n                type : 'post',\n                data : {\n                    parameter : parameter_json_string\n                },\n                role : 'dialog'\n            }); \n        };\n\n        var userSelectItemId = \"\";\n        var tabs = [];\n        var userSelectKey = \"\";\n        if(isPc()) {\n            userSelectItemId = $(\"[name=searchUser]\").parent()[0].id;\n            tabs = [\n                {\"id\" : \"jp.co.intra_mart.master.app.search.tabs.user.list_user\", \"title\" : \"キーワード\"}, \n                {\"id\" : \"jp.co.intra_mart.master.app.search.tabs.user.tree_department\", \"title\" : \"会社組織（ツリー）\"}, \n                {\"id\" : \"jp.co.intra_mart.master.app.search.tabs.user.list_department\", \"title\" : \"会社組織（キーワード）\"}\n            ];\n            userSelectKey = \"userSelect\";\n        } else {\n            userSelectItemId = $(\"[name=searchUser]\").parent().parent()[0].id;\n            tabs = [\n                {\"id\" : \"jp.co.intra_mart.im_master.app.search.tabs.user.user.keyword.smartphone\", \"title\" : \"キーワード\"}, \n                {\"id\" : \"jp.co.intra_mart.im_master.app.search.tabs.user.department.tree_with_list.smartphone\", \"title\" : \"会社組織\"}\n            ];\n            userSelectKey = \"userSelectSp\";\n        }\n\n\n        forma.master.addItemSelectPageParams( userSelectItemId, userSelectKey, new Date(), tabs,\n        function(result){\n            var userList = [];\n            result.forEach(function(obj){\n                var userName = obj.data.user_name;\n                var userCd = obj.data.user_cd;\n                var userObj = {userCd: userCd, userName: userName};\n                userList.push(userObj);\n            });\n\n\n                // 現在設定されているテーブル情報を取得\n            var rowId = \"\";\n            var inputIdList = [];\n            inputIdList[0] = RNGD_APP_CONST.FIELD_ID_COLUMN01;\n            inputIdList[1] = RNGD_APP_CONST.FIELD_ID_COLUMN02;\n            var targetTbl = formaTblGetItemData(RNGD_APP_CONST.FIELD_ID_TABLE, rowId, inputIdList);\n\n\n            // ユーザ選択で取得したユーザと、既存のデータをマージする\n            var searchUserList = [];\n            targetTbl.forEach(function(row) {\n                var userCd = row[RNGD_APP_CONST.FIELD_ID_COLUMN01];\n                var userName = row[RNGD_APP_CONST.FIELD_ID_COLUMN02];\n                var userObj = {userCd: userCd, userName: userName};\n                searchUserList.push(userObj);\n            });\n            userList = searchUserList.concat(userList);\n\n            var targetIdList = [];\n            var targetUserObjList = [];\n\n            userList.forEach(function(user) {\n                var targetUserCd = user.userCd;\n                // 対象ユーザとして一度も追加されていない場合のみ\n                if(targetIdList.indexOf(targetUserCd) === -1) {\n                    targetIdList.push(targetUserCd);\n                    targetUserObjList.push(user);\n                }\n            });\n            \n            var args = {};\n\n            if(isPc()) {\n                args.data = {};\n                args.data[RNGD_APP_CONST.FIELD_ID_TABLE] = [];\n                for(var i=0; i<targetUserObjList.length; i++){\n                    args.data[RNGD_APP_CONST.FIELD_ID_TABLE][i] = {};\n                    args.data[RNGD_APP_CONST.FIELD_ID_TABLE][i][RNGD_APP_CONST.FIELD_ID_COLUMN01] = targetUserObjList[i].userCd;\n                    args.data[RNGD_APP_CONST.FIELD_ID_TABLE][i][RNGD_APP_CONST.FIELD_ID_COLUMN02] = targetUserObjList[i].userName;\n                }\n\n            } else {\n                // スマホ\n                args.tableId = RNGD_APP_CONST.FIELD_ID_TABLE;\n                args.dataInputId = [];\n                args.dataInputId[0] = RNGD_APP_CONST.FIELD_ID_COLUMN01;\n                args.dataInputId[1] = RNGD_APP_CONST.FIELD_ID_COLUMN02;\n                args.inputDataList = [];\n                for(var i=0; i<targetUserObjList.length; i++){\n                    args.inputDataList[i] = {};\n                    args.inputDataList[i][RNGD_APP_CONST.FIELD_ID_COLUMN01] = targetUserObjList[i].userCd;\n                    args.inputDataList[i][RNGD_APP_CONST.FIELD_ID_COLUMN02] = targetUserObjList[i].userName;\n                }\n            }\n\n            var option = {};\n            formaTblSetItemData(RNGD_APP_CONST.FIELD_ID_TABLE, args, option);\n\n        });\n    }\n})(jQuery);\n","conditionExpression":"","errHandling":"0"},{"actionType":"customScript","note":"rewrite_forma_itemselect.js - 一覧選択アイテムのページング数書き換え","customScript":"// # forma/csjs/im_forma_itemselect.jsを書き換える\n// # シャープ付きコメントはカスタマイズ時に付与したもの\n// # それ以外は、元々im_forma_itemselect.jsあったもの\n/**\n * 一覧選択アイテムを利用する関数を提供します。\n * @class 一覧選択アイテムを利用する関数を提供します。\n *\n * @constructor\n * @version 1.0\n * @since 8.0\n * @author INTRAMART\n */\n// # Forma書き換え時の定数定義\nif(!window.RNGD_APP_FORMA_CONST) {\n    var RNGD_APP_FORMA_CONST = window.RNGD_APP_FORMA_CONST = {};\n}\nRNGD_APP_FORMA_CONST.PAGE_SELECT_NUM_APPEND_LIST = [100, 200, 500, 1000, 2000];\n\nif (!window.forma) {\n    var forma = window.forma = {};\n  }\n  // # itemselectの定義\n  else {\n      var forma = window.forma;\n  }\n  if(!forma.hasOwnProperty(\"itemselect\")) {\n      forma.itemselect = {};\n  }\n//   forma.itemselect = {};\n\n  /**\n   * 一覧選択画面を表示するためのパラメータを設定します。\n   * @param {Object} param 一覧選択画面を表示するための構成情報\n   * @version 8.0.10\n   * @since 8.0\n   */\n  forma.itemselect.addItemSelectPageParams = function (param) {\n      forma.itemselect.itemSelectUrl              = param.url;\n      forma.itemselect.itemSelectItemId           = param.itemId;\n      forma.itemselect.itemSelectInputId          = param.inputId;\n      forma.itemselect.itemSelectPageTitle        = param.pageTitle;\n      forma.itemselect.itemSelectPageInSetting    = param.pageInSetting;\n      forma.itemselect.itemSelectPageOutSetting   = param.pageOutSetting;\n      forma.itemselect.itemSelectPageSelectType   = param.pageSelectType;\n      forma.itemselect.itemSelectPageDatabaseList = param.pageDatabaseList;\n  };\n  \n  /**\n   * 一覧選択画面を表示します。\n   * 本関数を事項する前にaddItemSelectPageParams関数で必ずパラメータを設定してください。\n   * @param {Object} param 一覧選択画面を表示するための情報\n   * @version 8.0.14\n   * @since 8.0\n   */\n  forma.itemselect.openSelectItemPage = function (param) {\n      if( typeof window.forma.itemselect.dialog !== 'undefined' ) return;\n      if( (param.inputId !== \"\") && (param.inputId !== forma.itemselect.itemSelectInputId) ) return;\n      var data = {\n          im_selectitem_itemId       : forma.itemselect.itemSelectItemId,\n          im_selectitem_inputId      : forma.itemselect.itemSelectInputId,\n          im_selectitem_title        : forma.itemselect.itemSelectPageTitle,\n          im_selectitem_inSetting    : forma.itemselect.itemSelectPageInSetting,\n          im_selectitem_outSetting   : forma.itemselect.itemSelectPageOutSetting,\n          im_selectitem_selectType   : forma.itemselect.itemSelectPageSelectType,\n          im_selectitem_databaseList : forma.itemselect.itemSelectPageDatabaseList,\n          im_selectitem_data         : ImJson.toJSONString(param.pageData),\n          im_selectitem_option       : ImJson.toJSONString(param.pageOption)\n      };\n  \n      var dialogHeight = data.im_selectitem_selectType === 'multi' ? 700 : 650;\n      jQuery('<div class=\"imfr-dialog-page\"/>').imuiPageDialog({\n          title     : $('<div>').text(data.im_selectitem_title).html(),\n          url       : forma.itemselect.itemSelectUrl,\n          parameter : data,\n          method    : 'post',\n          width     : 875,\n          height    : dialogHeight,\n          modal     : true,\n          zIndex    : 10000,\n          toolbarRight : [{\n              iconClass : \"im-ui-icon-common-16-refresh\",\n              href      : \"javascript:void(0);\"\n          }],\n          open      : function (event, ui) {\n              forma.itemselect.dialog = jQuery(this);  \n           \n          },\n          close     : function (event, ui) {\n              $(window).unbind('resize');\n              jQuery(this).dialog('destroy');\n              jQuery(event.target).remove();\n              forma.itemselect.dialog = undefined;\n              // タブインデックスを戻す\n              var iconSelector = !forma.util.isBlank( forma.itemselect.itemSelectIndex ) && forma.itemselect.itemSelectIndex > -1 ?\n                  $( '[name=\"' + forma.itemselect.itemSelectInputId + '_index\"]' ).eq( forma.itemselect.itemSelectIndex ) :\n                  $( '[name=\"' + forma.itemselect.itemSelectInputId + '_index\"]' );\n              // Android端末の場合はフォーカスを戻さない\n              if( navigator.userAgent.indexOf( 'Android' ) != -1 ) return;\n              var index = !forma.util.isBlank( forma.itemselect.itemSelectIndex ) && forma.itemselect.itemSelectIndex > -1 ?\n                          $( '[name=\"' + forma.itemselect.itemSelectInputId + '_display\"]' ).eq( forma.itemselect.itemSelectIndex ).attr('tabindex')-0+1 :\n                          $( '[name=\"' + forma.itemselect.itemSelectInputId + '_display\"]' ).attr('tabindex')-0+1;\n              iconSelector.attr('tabindex', index);\n              iconSelector.focus();\n              if( !( $( ':focus' ) === iconSelector ) ){\n                window.focus();\n                iconSelector.focus();\n              }\n              forma.itemselect.itemSelectIndex = '';\n          },\n          // # imuiPageDialogのAjaxイベント終了後にページング処理を挿入\n          onAjaxComplete : function() {\n            // # ページングの表示件数を拡張する\n            RNGD_APP_FORMA_CONST.PAGE_SELECT_NUM_APPEND_LIST.forEach(function(pgNum) {\n                $(\".imfr-dialog-page\").find(\".ui-pg-selbox\")\n                    .append($('<option>').html(pgNum).val(pgNum))\n            });   \n          }\n      });\n  }\n  ","conditionExpression":"","errHandling":"0"},{"actionType":"customScript","note":"set_attribute_box.js - 所属セレクトボックスのデフォルト設定","customScript":"(function($){\n    \n  var RNGD_APP_CONST = {};\n  RNGD_APP_CONST.FIELD_ID_APPLY_SHOZOKU               = \"applyAttribute_display\";\n\n  RNGD_APP_CONST.FIELD_ID_CONTEXT_COMPANY_CD          = \"contextCompanyCd\";\n  RNGD_APP_CONST.FIELD_ID_CONTEXT_DEPT_SET_CD         = \"contextDeptSetCd\";\n  RNGD_APP_CONST.FIELD_ID_CONTEXT_DEPT_CD             = \"contextDeptCd\";    \n  // 申請画面または再申請画面の場合のみセレクトボックス内容を変更する\n  // 申請画面の場合、コンテキスト情報の組織情報が設定される\n  var respType = $(\"[name=imfr_response_type]\").val();\n  if (respType === \"REGISTRATION\" || respType === \"EDIT\") {\n    // 組織コードの取得と所属組織の切替\n    var ctxCompanyCd = rngdGetValue(\"hidden\", RNGD_APP_CONST.FIELD_ID_CONTEXT_COMPANY_CD);\n    var ctxDeptSetCd = rngdGetValue(\"hidden\", RNGD_APP_CONST.FIELD_ID_CONTEXT_DEPT_SET_CD);\n    var ctxDeptCd = rngdGetValue(\"hidden\", RNGD_APP_CONST.FIELD_ID_CONTEXT_DEPT_CD);\n    rngdChangeSelectBox(RNGD_APP_CONST.FIELD_ID_APPLY_SHOZOKU, ctxCompanyCd+\"^\"+ctxDeptSetCd+\"^\"+ctxDeptCd);\n  }\n})(jQuery);\n","conditionExpression":"","errHandling":"0"},{"actionType":"customScript","note":"set_back_page.js - 戻るボタンの戻り先を変更する","customScript":"(function($){\n    var RNGD_APP_CONST = {};\n    RNGD_APP_CONST.VIEW_CREATOR_APPLY_PATH = \"viewcreator/dataview/list/YOUR_VIEW_CREATOR_APP\";\n    var respType = $(\"[name=imfr_response_type]\").val();\n    if (respType === \"REGISTRATION\") {\n        $(\"#imfr-back-form\").attr(\"action\", RNGD_APP_CONST.VIEW_CREATOR_APPLY_PATH)\n        $(\"#imfr_callback_url\").val(RNGD_APP_CONST.VIEW_CREATOR_APPLY_PATH);\n\n        $(\"<input>\").attr({\n        type: \"hidden\",\n        id: \"companyCd\",\n        name: \"companyCd\",\n        value: $(\"[name=contextCompanyCd]\").val()\n        }).appendTo(\"#imfr-back-form\");\n    }\n})(jQuery);\n","conditionExpression":"","errHandling":"0"},{"actionType":"customScript","note":"matter_name_setting.js - 画面の入力項目を案件名として利用する(IM-Workflow連携のみ)","customScript":"(function($) {\n    // imwMatterNameがすでにある場合は削除する\n    if(!( $('input[name=\"imwMatterName\"]').val() === undefined) ) {\n      $('input[name=\"imwMatterName\"]').remove()\n    }\n\n    // imwForcedParamFlagがすでにある場合は削除する\n    if(!( $(\"#imwForcedParamFlag\").val() === undefined) ) {\n      $(\"#imwForcedParamFlag\").remove()\n    }\n\n    // imwMatterNameを追加し、画面パラメータを優先させる\n    $(\"<input>\").attr({\n         id: \"imwMatterName\",\n         type: \"hidden\",\n         name: \"imwMatterName\"\n    }).appendTo(\"#form_area\");\n\n    // imwForcedParamFlagを追加し、一時保存後であっても画面パラメータを優先させる\n    $(\"<input>\").attr({\n         id: \"imwForcedParamFlag\",\n         type: \"hidden\",\n         name: \"imwForcedParamFlag\",\n         value: \"1\"\n    }).appendTo(\"#form_area\");\n})(jQuery);\n","conditionExpression":"","errHandling":"0"}]}},"event_setting_list":[{"note":"別アプリのトランザクションデータを取得します。\n（ファイル取得元のアプリのトランザクションデータ）","event_type":"iconClick","item_id":"qmrjsahtufyr","indicator_flag":false},{"note":"ファイル取得イベントを起動します。","event_type":"change","item_id":"uoqoeaedghmv","indicator_flag":false},{"note":"一覧選択にフォーカスインした場合の確認","event_type":"focus","item_id":"qmrjsahtufyr","indicator_flag":false},{"note":"一覧選択にフォーカスアウトした場合の確認","event_type":"blur","item_id":"qmrjsahtufyr","indicator_flag":false},{"note":"一覧選択に入力した場合の確認","event_type":"change","item_id":"qmrjsahtufyr","indicator_flag":false},{"note":"一覧選択をクリックした場合の確認","event_type":"click","item_id":"qmrjsahtufyr","indicator_flag":false}],"table_action_setting_list":{"ruvuwljhrnlf":{"column01":{"0":{"focus":[{"actionType":"customScript","note":"テーブルイベント確認用4","customScript":"(function($){\n  console.log(\"テーブルイベント4\");\n})(jQuery);","conditionExpression":"","errHandling":"0"}],"blur":[{"actionType":"customScript","note":"テーブルイベント確認用5","customScript":"(function($){\n  console.log(\"テーブルイベント5\");\n})(jQuery);","conditionExpression":"","errHandling":"0"}]}}},"cdlaaovugnvg":{"gt1_fileName":{"0":{"change":[{"actionType":"customScript","note":"テーブルイベント確認用3","customScript":"(function($){\n  console.log(\"テーブルイベント3\");\n})(jQuery);","conditionExpression":"","errHandling":"0"}],"focus":[{"actionType":"customScript","note":"テーブルイベント確認用","customScript":"(function($){\n  console.log(\"テーブルイベント\");\n})(jQuery);","conditionExpression":"","errHandling":"0"}],"blur":[{"actionType":"customScript","note":"テーブルイベント確認用2","customScript":"(function($){\n  console.log(\"テーブルイベント2\");\n})(jQuery);","conditionExpression":"","errHandling":"0"}]}}}}}}