{"header" : {"display_available" : true, "item_view_name" : {"en" : "Header", "ja" : "ヘッダー", "zh_CN" : "页头"}, "label_name" : {"en" : "Page title", "ja" : "【Sample】他アプリファイル取得_01取得元アプリ", "zh_CN" : "画面标题"}, "left_toolbar_icon_list" : [{"icon_id" : "imfr-return-icon", "image_class" : "im-ui-icon-common-16-back", "icon_label" : {"en" : "", "ja" : "", "zh_CN" : ""}, "icon_title" : {"en" : "Back", "ja" : "戻る", "zh_CN" : "返回"}}], "right_toolbar_icon_list" : []}, "item_list" : [{"item_id" : "ebtvypvtlxkj", "item_view_names" : {"en" : "File upload", "ja" : "ファイルアップロード", "zh_CN" : "文件上传"}, "item_type" : "product_72_fileupload", "item_view_type" : {"REGISTRATION" : "1", "EDIT" : "1", "REFERENCE" : "2", "POSTSCRIPT" : "2"}, "item_exist_dbinput" : false, "style" : {"top" : 110, "left" : 90, "width" : 500, "height" : 200, "zindex" : null}, "input_list" : [], "item_properties" : {"labels" : [{"en" : "The attached file", "ja" : "添付ファイル", "zh_CN" : "文件附加"}], "label_size" : [100], "label_styles" : [{"label_background_color" : "", "label_font_color" : "", "label_font_size" : 13, "label_font_family" : {}, "label_font_bold" : false, "label_font_italic" : false, "label_font_underline" : false, "label_wrap" : false}], "upload_item_id" : "attach_fileupload_item1", "min_file_amount" : 0, "max_file_amount" : 5, "image_thumbnail_preview" : false, "image_thumbnail_width" : 120, "image_thumbnail_height" : 120}}, {"item_id" : "drrczlnlzcvy", "item_view_names" : {"en" : "Register Button", "ja" : "ボタン(登録)", "zh_CN" : "按钮(登记)"}, "item_type" : "product_80_registButton", "item_view_type" : {"REGISTRATION" : "2", "EDIT" : "2", "REFERENCE" : "3", "POSTSCRIPT" : "2"}, "item_exist_dbinput" : false, "style" : {"top" : 380, "left" : 90, "width" : 170, "height" : 50, "zindex" : null}, "input_list" : [], "item_properties" : {"labels" : [{"en" : "Register", "ja" : "登録", "zh_CN" : "登记"}, {"en" : "Update", "ja" : "更新", "zh_CN" : "更新"}, {"en" : "Update", "ja" : "更新", "zh_CN" : "更新"}], "label_size" : [], "label_styles" : [{"label_background_color" : "", "label_font_color" : "", "label_font_size" : 13, "label_font_family" : {}, "label_font_bold" : false, "label_font_italic" : false, "label_font_underline" : false, "label_wrap" : false}], "label_level" : [1], "tab_index" : [0]}}, {"item_id" : "krecqnfpgfly", "item_view_names" : {"en" : "String", "ja" : "メモ", "zh_CN" : "字符串"}, "item_type" : "product_72_textbox", "item_view_type" : {"REGISTRATION" : "1", "EDIT" : "1", "REFERENCE" : "2", "POSTSCRIPT" : "2"}, "item_exist_dbinput" : true, "style" : {"top" : 28, "left" : 90, "width" : 640, "height" : 35, "zindex" : null}, "input_list" : [{"input_id" : "memo", "input_data_type" : "0", "input_view_names" : {"en" : "String", "ja" : "メモ", "zh_CN" : "字符串"}, "input_dbinput" : true, "input_properties" : {"tab_index" : 0, "max_length" : 500, "min_length" : 0, "required" : false, "input_field_size" : 150, "labels" : [], "initial_value" : {"en" : "", "ja" : "", "zh_CN" : ""}, "input_background_color" : "", "border_color" : "", "no_frames" : false, "bottom_only" : false, "border_shadow" : true, "input_font_color" : "", "input_font_size" : 12, "input_font_family" : {"en" : "", "ja" : "", "zh_CN" : ""}, "input_font_bold" : false, "input_font_italic" : false, "input_font_underline" : false, "label_wrap" : true, "only_ascii" : false, "border_style" : "0", "custom_input_chk" : false, "custom_chk_format" : "", "custom_err_msg" : ""}}], "item_properties" : {"labels" : [{"en" : "Text", "ja" : "メモ", "zh_CN" : "文本"}], "label_size" : [150], "label_styles" : [{"label_background_color" : "", "label_font_color" : "", "label_font_size" : 12, "label_font_family" : {"en" : "", "ja" : "", "zh_CN" : ""}, "label_font_bold" : true, "label_font_italic" : false, "label_font_underline" : false, "label_wrap" : false}], "ui_theme" : "iap"}}], "footer" : {"display_available" : true}, "event" : {}, "sp_item_list" : []}